nom,type,niveau,image_url
Marteau Goule,Marteau,Niv. 200,https://static.ankama.com/dofus-touch/www/img/../../../dofus-touch/www/game/items/52/170315.w40h40.png
"Izusu, la pelle Endormie",Arme Légendaire,Niv. 200,https://static.ankama.com/dofus-touch/www/img/../../../dofus-touch/www/game/items/52/171725.w40h40.png
Serpe Aigrie,Pelle,Niv. 200,https://static.ankama.com/dofus-touch/www/img/../../../dofus-touch/www/game/items/52/172160.w40h40.png
Hache Euvale,Hache,Niv. 200,https://static.ankama.com/dofus-touch/www/img/../../../dofus-touch/www/game/items/52/19066.w40h40.png
Arc Honte,Arc,Niv. 200,https://static.ankama.com/dofus-touch/www/img/../../../dofus-touch/www/game/items/52/2075.w40h40.png
Dagues Sacrificielles,Dague,Niv. 200,https://static.ankama.com/dofus-touch/www/img/../../../dofus-touch/www/game/items/52/170756.w40h40.png
Épée du Bandit Spectral,Épée,Niv. 200,https://static.ankama.com/dofus-touch/www/img/../../../dofus-touch/www/game/items/52/171091.w40h40.png
Épouvante,Épée,Niv. 200,https://static.ankama.com/dofus-touch/www/img/../../../dofus-touch/www/game/items/52/171092.w40h40.png
Lance corrompue,Bâton,Niv. 200,https://static.ankama.com/dofus-touch/www/img/../../../dofus-touch/www/game/items/52/171093.w40h40.png
Épée du Roas'Inge,Épée,Niv. 200,https://static.ankama.com/dofus-touch/www/img/../../../dofus-touch/www/game/items/52/171148.w40h40.png
Nun-Charang,Bâton,Niv. 200,https://static.ankama.com/dofus-touch/www/img/../../../dofus-touch/www/game/items/52/171519.w40h40.png
"Haruka, l'arc Endormi",Arme Légendaire,Niv. 200,https://static.ankama.com/dofus-touch/www/img/../../../dofus-touch/www/game/items/52/171750.w40h40.png
"Miyaji, le marteau Endormi",Arme Légendaire,Niv. 200,https://static.ankama.com/dofus-touch/www/img/../../../dofus-touch/www/game/items/52/171730.w40h40.png
Hache Ériphe,Hache,Niv. 200,https://static.ankama.com/dofus-touch/www/img/../../../dofus-touch/www/game/items/52/19065.w40h40.png
Sceptre du Shushuverain,Baguette,Niv. 200,https://static.ankama.com/dofus-touch/www/img/../../../dofus-touch/www/game/items/52/170724.w40h40.png
Harpelle,Pelle,Niv. 200,https://static.ankama.com/dofus-touch/www/img/../../../dofus-touch/www/game/items/52/170871.w40h40.png
Marteau Submergé,Marteau,Niv. 200,https://static.ankama.com/dofus-touch/www/img/../../../dofus-touch/www/game/items/52/171094.w40h40.png
Arc de Koutoulou,Arc,Niv. 200,https://static.ankama.com/dofus-touch/www/img/../../../dofus-touch/www/game/items/52/171088.w40h40.png
Bâton de Hanshi,Bâton,Niv. 200,https://static.ankama.com/dofus-touch/www/img/../../../dofus-touch/www/game/items/52/171521.w40h40.png
Éventails de Shihan,Dague,Niv. 200,https://static.ankama.com/dofus-touch/www/img/../../../dofus-touch/www/game/items/52/171522.w40h40.png
"Suko, l'épée Endormie",Arme Légendaire,Niv. 200,https://static.ankama.com/dofus-touch/www/img/../../../dofus-touch/www/game/items/52/171735.w40h40.png
Doleau de Ragnaroche,Hache,Niv. 200,https://static.ankama.com/dofus-touch/www/img/../../../dofus-touch/www/game/items/52/172124.w40h40.png
Dagues Érhy,Dague,Niv. 200,https://static.ankama.com/dofus-touch/www/img/../../../dofus-touch/www/game/items/52/5087.w40h40.png
Pelle de la Corporation,Pelle,Niv. 200,https://static.ankama.com/dofus-touch/www/img/../../../dofus-touch/www/game/items/52/170663.w40h40.png
"Kinuro, le bâton Endormi",Arme Légendaire,Niv. 200,https://static.ankama.com/dofus-touch/www/img/../../../dofus-touch/www/game/items/52/171755.w40h40.png
"Momako, les dagues Endormies",Arme Légendaire,Niv. 200,https://static.ankama.com/dofus-touch/www/img/../../../dofus-touch/www/game/items/52/171760.w40h40.png
"Numezawa, la baguette Endormie",Arme Légendaire,Niv. 200,https://static.ankama.com/dofus-touch/www/img/../../../dofus-touch/www/game/items/52/171740.w40h40.png
Arc de Wulan,Arc,Niv. 200,https://static.ankama.com/dofus-touch/www/img/../../../dofus-touch/www/game/items/52/172136.w40h40.png
Lame Usicke,Hache,Niv. 200,https://static.ankama.com/dofus-touch/www/img/../../../dofus-touch/www/game/items/52/19038.w40h40.png
Faux Maudite du Saigneur Guerrier,Faux,Niv. 200,https://static.ankama.com/dofus-touch/www/img/../../../dofus-touch/www/game/items/52/22003.w40h40.png
Epée Maudite du Saigneur Guerrier,Épée,Niv. 200,https://static.ankama.com/dofus-touch/www/img/../../../dofus-touch/www/game/items/52/6083.w40h40.png
Épée du Granduk,Épée,Niv. 200,https://static.ankama.com/dofus-touch/www/img/../../../dofus-touch/www/game/items/52/6721.w40h40.png
Arc corrompu,Arc,Niv. 200,https://static.ankama.com/dofus-touch/www/img/../../../dofus-touch/www/game/items/52/170635.w40h40.png
Tranche Goule,Épée,Niv. 200,https://static.ankama.com/dofus-touch/www/img/../../../dofus-touch/www/game/items/52/170644.w40h40.png
Crocouteaux,Hache,Niv. 200,https://static.ankama.com/dofus-touch/www/img/../../../dofus-touch/www/game/items/52/170725.w40h40.png
Sceptre du Roi Allister,Bâton,Niv. 200,https://static.ankama.com/dofus-touch/www/img/../../../dofus-touch/www/game/items/52/170873.w40h40.png
Baguette Range,Baguette,Niv. 200,https://static.ankama.com/dofus-touch/www/img/../../../dofus-touch/www/game/items/52/171089.w40h40.png
"Heiji, la hache Endormie",Arme Légendaire,Niv. 200,https://static.ankama.com/dofus-touch/www/img/../../../dofus-touch/www/game/items/52/171745.w40h40.png
Tonfas de Barbéryl,Dague,Niv. 200,https://static.ankama.com/dofus-touch/www/img/../../../dofus-touch/www/game/items/52/172164.w40h40.png
Pelle Vice,Pelle,Niv. 199,https://static.ankama.com/dofus-touch/www/img/../../../dofus-touch/www/game/items/52/8068.w40h40.png
Epée Gloursonne,Épée,Niv. 199,https://static.ankama.com/dofus-touch/www/img/../../../dofus-touch/www/game/items/52/6111.w40h40.png
Masse Ossiale,Marteau,Niv. 199,https://static.ankama.com/dofus-touch/www/img/../../../dofus-touch/www/game/items/52/7728.w40h40.png
Dagues Ricol,Dague,Niv. 198,https://static.ankama.com/dofus-touch/www/img/../../../dofus-touch/www/game/items/52/5086.w40h40.png
Bâtonnet Ronien,Baguette,Niv. 198,https://static.ankama.com/dofus-touch/www/img/../../../dofus-touch/www/game/items/52/3080.w40h40.png
Rapière aux Glyphes,Épée,Niv. 197,https://static.ankama.com/dofus-touch/www/img/../../../dofus-touch/www/game/items/52/6722.w40h40.png
Dague Hirr,Dague,Niv. 197,https://static.ankama.com/dofus-touch/www/img/../../../dofus-touch/www/game/items/52/5081.w40h40.png
Canne Harr,Bâton,Niv. 197,https://static.ankama.com/dofus-touch/www/img/../../../dofus-touch/www/game/items/52/4114.w40h40.png
Marteau de Barbéryl,Marteau,Niv. 197,https://static.ankama.com/dofus-touch/www/img/../../../dofus-touch/www/game/items/52/172161.w40h40.png
Bêche Asse,Pelle,Niv. 197,https://static.ankama.com/dofus-touch/www/img/../../../dofus-touch/www/game/items/52/8067.w40h40.png
Épée d'Otomaï,Épée,Niv. 196,https://static.ankama.com/dofus-touch/www/img/../../../dofus-touch/www/game/items/52/6719.w40h40.png
Dagoulinantes,Dague,Niv. 196,https://static.ankama.com/dofus-touch/www/img/../../../dofus-touch/www/game/items/52/171090.w40h40.png
Epée Toche,Épée,Niv. 196,https://static.ankama.com/dofus-touch/www/img/../../../dofus-touch/www/game/items/52/6106.w40h40.png
Arc Ahique,Arc,Niv. 196,https://static.ankama.com/dofus-touch/www/img/../../../dofus-touch/www/game/items/52/2071.w40h40.png
Marteau du Glouragan,Marteau,Niv. 195,https://static.ankama.com/dofus-touch/www/img/../../../dofus-touch/www/game/items/52/7080.w40h40.png
Bâton Brageut,Bâton,Niv. 195,https://static.ankama.com/dofus-touch/www/img/../../../dofus-touch/www/game/items/52/4102.w40h40.png
Rouleau à Pâtisserie d'Aermyne,Bâton,Niv. 194,https://static.ankama.com/dofus-touch/www/img/../../../dofus-touch/www/game/items/52/4113.w40h40.png
Pelle Fik,Pelle,Niv. 194,https://static.ankama.com/dofus-touch/www/img/../../../dofus-touch/www/game/items/52/8060.w40h40.png
Marteau d'Henual,Marteau,Niv. 194,https://static.ankama.com/dofus-touch/www/img/../../../dofus-touch/www/game/items/52/7727.w40h40.png
Bâton Beau,Bâton,Niv. 194,https://static.ankama.com/dofus-touch/www/img/../../../dofus-touch/www/game/items/52/4115.w40h40.png
Baguette Hique,Baguette,Niv. 193,https://static.ankama.com/dofus-touch/www/img/../../../dofus-touch/www/game/items/52/3077.w40h40.png
Hache Rot,Hache,Niv. 192,https://static.ankama.com/dofus-touch/www/img/../../../dofus-touch/www/game/items/52/19067.w40h40.png
Grésilosceptre,Bâton,Niv. 192,https://static.ankama.com/dofus-touch/www/img/../../../dofus-touch/www/game/items/52/4094.w40h40.png
Bâton Champmanique,Bâton,Niv. 191,https://static.ankama.com/dofus-touch/www/img/../../../dofus-touch/www/game/items/52/4080.w40h40.png
Pelle Emélaka,Pelle,Niv. 191,https://static.ankama.com/dofus-touch/www/img/../../../dofus-touch/www/game/items/52/8051.w40h40.png
Pelle du Professeur Xa,Pelle,Niv. 191,https://static.ankama.com/dofus-touch/www/img/../../../dofus-touch/www/game/items/52/8063.w40h40.png
Hache Téroïde,Hache,Niv. 190,https://static.ankama.com/dofus-touch/www/img/../../../dofus-touch/www/game/items/52/19063.w40h40.png
Hache du Korriandre,Hache,Niv. 188,https://static.ankama.com/dofus-touch/www/img/../../../dofus-touch/www/game/items/52/19061.w40h40.png
Bâton Brelle,Bâton,Niv. 188,https://static.ankama.com/dofus-touch/www/img/../../../dofus-touch/www/game/items/52/4100.w40h40.png
Couteaux à Champignons,Dague,Niv. 187,https://static.ankama.com/dofus-touch/www/img/../../../dofus-touch/www/game/items/52/5069.w40h40.png
Marteau Reine,Marteau,Niv. 187,https://static.ankama.com/dofus-touch/www/img/../../../dofus-touch/www/game/items/52/7081.w40h40.png
Baguette Hernelle,Baguette,Niv. 187,https://static.ankama.com/dofus-touch/www/img/../../../dofus-touch/www/game/items/52/3076.w40h40.png
Rhizome du Tynril,Bâton,Niv. 186,https://static.ankama.com/dofus-touch/www/img/../../../dofus-touch/www/game/items/52/4077.w40h40.png
Arc Oleptik,Arc,Niv. 185,https://static.ankama.com/dofus-touch/www/img/../../../dofus-touch/www/game/items/52/2060.w40h40.png
Hache Hélème,Hache,Niv. 185,https://static.ankama.com/dofus-touch/www/img/../../../dofus-touch/www/game/items/52/19064.w40h40.png
Baguetterelle,Baguette,Niv. 184,https://static.ankama.com/dofus-touch/www/img/../../../dofus-touch/www/game/items/52/3066.w40h40.png
Epée Loponèze,Épée,Niv. 184,https://static.ankama.com/dofus-touch/www/img/../../../dofus-touch/www/game/items/52/6085.w40h40.png
Arc Hétype,Arc,Niv. 184,https://static.ankama.com/dofus-touch/www/img/../../../dofus-touch/www/game/items/52/2073.w40h40.png
Epée Kari,Épée,Niv. 184,https://static.ankama.com/dofus-touch/www/img/../../../dofus-touch/www/game/items/52/6105.w40h40.png
Dagues Açantes,Dague,Niv. 183,https://static.ankama.com/dofus-touch/www/img/../../../dofus-touch/www/game/items/52/5080.w40h40.png
Arc à Lamelles,Arc,Niv. 183,https://static.ankama.com/dofus-touch/www/img/../../../dofus-touch/www/game/items/52/2061.w40h40.png
Az'tech,Épée,Niv. 182,https://static.ankama.com/dofus-touch/www/img/../../../dofus-touch/www/game/items/52/6079.w40h40.png
Lame Assacre,Dague,Niv. 182,https://static.ankama.com/dofus-touch/www/img/../../../dofus-touch/www/game/items/52/5070.w40h40.png
Pelle Vétik,Pelle,Niv. 181,https://static.ankama.com/dofus-touch/www/img/../../../dofus-touch/www/game/items/52/8061.w40h40.png
Kwache,Hache,Niv. 180,https://static.ankama.com/dofus-touch/www/img/../../../dofus-touch/www/game/items/52/171514.w40h40.png
Ougarteau,Marteau,Niv. 180,https://static.ankama.com/dofus-touch/www/img/../../../dofus-touch/www/game/items/52/7067.w40h40.png
Kukri Kura,Épée,Niv. 179,https://static.ankama.com/dofus-touch/www/img/../../../dofus-touch/www/game/items/52/6080.w40h40.png
Marteau Minokers,Marteau,Niv. 178,https://static.ankama.com/dofus-touch/www/img/../../../dofus-touch/www/game/items/52/7062.w40h40.png
Pelle Dorado,Pelle,Niv. 178,https://static.ankama.com/dofus-touch/www/img/../../../dofus-touch/www/game/items/52/8058.w40h40.png
Epée Kadille,Épée,Niv. 177,https://static.ankama.com/dofus-touch/www/img/../../../dofus-touch/www/game/items/52/6107.w40h40.png
Baguette Nolog,Baguette,Niv. 177,https://static.ankama.com/dofus-touch/www/img/../../../dofus-touch/www/game/items/52/3075.w40h40.png
L'Épée Nice,Épée,Niv. 177,https://static.ankama.com/dofus-touch/www/img/../../../dofus-touch/www/game/items/52/6076.w40h40.png
Rod Gerse,Bâton,Niv. 176,https://static.ankama.com/dofus-touch/www/img/../../../dofus-touch/www/game/items/52/4059.w40h40.png
Hache à Lamelles,Hache,Niv. 176,https://static.ankama.com/dofus-touch/www/img/../../../dofus-touch/www/game/items/52/19051.w40h40.png
Dagues Imauve,Dague,Niv. 176,https://static.ankama.com/dofus-touch/www/img/../../../dofus-touch/www/game/items/52/5079.w40h40.png
Dague Adou,Dague,Niv. 175,https://static.ankama.com/dofus-touch/www/img/../../../dofus-touch/www/game/items/52/5065.w40h40.png
Arc Ontanporin,Arc,Niv. 175,https://static.ankama.com/dofus-touch/www/img/../../../dofus-touch/www/game/items/52/2072.w40h40.png
Baguette Bainkuite,Baguette,Niv. 175,https://static.ankama.com/dofus-touch/www/img/../../../dofus-touch/www/game/items/52/171516.w40h40.png
Arc de Guten Tak,Arc,Niv. 173,https://static.ankama.com/dofus-touch/www/img/../../../dofus-touch/www/game/items/52/2074.w40h40.png
Marteau Racle,Marteau,Niv. 173,https://static.ankama.com/dofus-touch/www/img/../../../dofus-touch/www/game/items/52/7079.w40h40.png
Le Thanos,Bâton,Niv. 172,https://static.ankama.com/dofus-touch/www/img/../../../dofus-touch/www/game/items/52/4101.w40h40.png
La Bêche à Mel,Pelle,Niv. 172,https://static.ankama.com/dofus-touch/www/img/../../../dofus-touch/www/game/items/52/8048.w40h40.png
Baguette du Chêne Mou,Baguette,Niv. 172,https://static.ankama.com/dofus-touch/www/img/../../../dofus-touch/www/game/items/52/3042.w40h40.png
Dagues Eudin,Dague,Niv. 171,https://static.ankama.com/dofus-touch/www/img/../../../dofus-touch/www/game/items/52/5066.w40h40.png
Hache Achinecride,Hache,Niv. 170,https://static.ankama.com/dofus-touch/www/img/../../../dofus-touch/www/game/items/52/19062.w40h40.png
Lance Horselé,Bâton,Niv. 170,https://static.ankama.com/dofus-touch/www/img/../../../dofus-touch/www/game/items/52/171027.w40h40.png
Bâton des Prophètes,Bâton,Niv. 169,https://static.ankama.com/dofus-touch/www/img/../../../dofus-touch/www/game/items/52/4105.w40h40.png
L'Epée Rilleuse,Épée,Niv. 169,https://static.ankama.com/dofus-touch/www/img/../../../dofus-touch/www/game/items/52/6066.w40h40.png
Baguette Héroclite,Baguette,Niv. 168,https://static.ankama.com/dofus-touch/www/img/../../../dofus-touch/www/game/items/52/171026.w40h40.png
Arc Tangente,Arc,Niv. 167,https://static.ankama.com/dofus-touch/www/img/../../../dofus-touch/www/game/items/52/2069.w40h40.png
Marteau R'Gnole,Marteau,Niv. 166,https://static.ankama.com/dofus-touch/www/img/../../../dofus-touch/www/game/items/52/7077.w40h40.png
Canne Hassukre,Bâton,Niv. 165,https://static.ankama.com/dofus-touch/www/img/../../../dofus-touch/www/game/items/52/4111.w40h40.png
Épée du saigneur de vampires,Épée,Niv. 165,https://static.ankama.com/dofus-touch/www/img/../../../dofus-touch/www/game/items/52/170643.w40h40.png
Canne Hassukre Édulcorée,Bâton,Niv. 165,https://static.ankama.com/dofus-touch/www/img/../../../dofus-touch/www/game/items/52/4111.w40h40.png
Youyettes,Dague,Niv. 164,https://static.ankama.com/dofus-touch/www/img/../../../dofus-touch/www/game/items/52/5077.w40h40.png
Fuschia,Épée,Niv. 163,https://static.ankama.com/dofus-touch/www/img/../../../dofus-touch/www/game/items/52/6078.w40h40.png
Baguette Hernuement,Baguette,Niv. 163,https://static.ankama.com/dofus-touch/www/img/../../../dofus-touch/www/game/items/52/3074.w40h40.png
Hache Sueur Rance,Hache,Niv. 162,https://static.ankama.com/dofus-touch/www/img/../../../dofus-touch/www/game/items/52/19049.w40h40.png
Bâton K'Tueuh,Bâton,Niv. 161,https://static.ankama.com/dofus-touch/www/img/../../../dofus-touch/www/game/items/52/4097.w40h40.png
Karnak,Épée,Niv. 158,https://static.ankama.com/dofus-touch/www/img/../../../dofus-touch/www/game/items/52/6060.w40h40.png
Hache Harnée,Hache,Niv. 158,https://static.ankama.com/dofus-touch/www/img/../../../dofus-touch/www/game/items/52/19050.w40h40.png
Bâton du Maître Zoth,Bâton,Niv. 158,https://static.ankama.com/dofus-touch/www/img/../../../dofus-touch/www/game/items/52/4076.w40h40.png
Dagues Ruik,Dague,Niv. 158,https://static.ankama.com/dofus-touch/www/img/../../../dofus-touch/www/game/items/52/5067.w40h40.png
Marteau de la Vigie Pirate,Marteau,Niv. 156,https://static.ankama.com/dofus-touch/www/img/../../../dofus-touch/www/game/items/52/7076.w40h40.png
Pelle Aigante,Pelle,Niv. 156,https://static.ankama.com/dofus-touch/www/img/../../../dofus-touch/www/game/items/52/8050.w40h40.png
Hache Haimenu,Hache,Niv. 154,https://static.ankama.com/dofus-touch/www/img/../../../dofus-touch/www/game/items/52/19059.w40h40.png
Bâton du Harpirate,Bâton,Niv. 154,https://static.ankama.com/dofus-touch/www/img/../../../dofus-touch/www/game/items/52/4096.w40h40.png
Hache du Fancrôme,Hache,Niv. 153,https://static.ankama.com/dofus-touch/www/img/../../../dofus-touch/www/game/items/52/19060.w40h40.png
Sabre de Ben le Ripate,Épée,Niv. 152,https://static.ankama.com/dofus-touch/www/img/../../../dofus-touch/www/game/items/52/6100.w40h40.png
Marteau du Juge Lou,Marteau,Niv. 152,https://static.ankama.com/dofus-touch/www/img/../../../dofus-touch/www/game/items/52/7729.w40h40.png
Sceptre du Minotot,Bâton,Niv. 151,https://static.ankama.com/dofus-touch/www/img/../../../dofus-touch/www/game/items/52/4067.w40h40.png
Arc à Chon,Arc,Niv. 151,https://static.ankama.com/dofus-touch/www/img/../../../dofus-touch/www/game/items/52/2059.w40h40.png
Marteau Bleuronne,Marteau,Niv. 150,https://static.ankama.com/dofus-touch/www/img/../../../dofus-touch/www/game/items/52/7053.w40h40.png
Dagues Lassay,Dague,Niv. 150,https://static.ankama.com/dofus-touch/www/img/../../../dofus-touch/www/game/items/52/5044.w40h40.png
Kriss Toubal,Dague,Niv. 149,https://static.ankama.com/dofus-touch/www/img/../../../dofus-touch/www/game/items/52/5068.w40h40.png
Baguette de Frigostine,Baguette,Niv. 149,https://static.ankama.com/dofus-touch/www/img/../../../dofus-touch/www/game/items/52/3078.w40h40.png
Pelle Tonedjone,Pelle,Niv. 147,https://static.ankama.com/dofus-touch/www/img/../../../dofus-touch/www/game/items/52/8057.w40h40.png
La Xyothine,Baguette,Niv. 145,https://static.ankama.com/dofus-touch/www/img/../../../dofus-touch/www/game/items/52/3053.w40h40.png
Sabre Heutelle,Épée,Niv. 145,https://static.ankama.com/dofus-touch/www/img/../../../dofus-touch/www/game/items/52/6101.w40h40.png
Griffe Pourpre,Épée,Niv. 145,https://static.ankama.com/dofus-touch/www/img/../../../dofus-touch/www/game/items/52/6072.w40h40.png
Racine de Floribonde,Bâton,Niv. 144,https://static.ankama.com/dofus-touch/www/img/../../../dofus-touch/www/game/items/52/4079.w40h40.png
Dagues Réceuses,Dague,Niv. 143,https://static.ankama.com/dofus-touch/www/img/../../../dofus-touch/www/game/items/52/5047.w40h40.png
Marteau Lahre,Marteau,Niv. 143,https://static.ankama.com/dofus-touch/www/img/../../../dofus-touch/www/game/items/52/7047.w40h40.png
Le Sabre Ayassalama,Épée,Niv. 143,https://static.ankama.com/dofus-touch/www/img/../../../dofus-touch/www/game/items/52/6067.w40h40.png
Glaive tiède,Épée,Niv. 143,https://static.ankama.com/dofus-touch/www/img/../../../dofus-touch/www/game/items/52/170733.w40h40.png
Arc Hisedaisange,Arc,Niv. 143,https://static.ankama.com/dofus-touch/www/img/../../../dofus-touch/www/game/items/52/2048.w40h40.png
Racine Cithi,Bâton,Niv. 143,https://static.ankama.com/dofus-touch/www/img/../../../dofus-touch/www/game/items/52/4053.w40h40.png
Pelle Rhon,Pelle,Niv. 142,https://static.ankama.com/dofus-touch/www/img/../../../dofus-touch/www/game/items/52/8041.w40h40.png
Bâton du Chêne Mou,Bâton,Niv. 140,https://static.ankama.com/dofus-touch/www/img/../../../dofus-touch/www/game/items/52/170636.w40h40.png
Marteau Mawoque,Marteau,Niv. 140,https://static.ankama.com/dofus-touch/www/img/../../../dofus-touch/www/game/items/52/7056.w40h40.png
Hache du Guerrier Zoth,Hache,Niv. 139,https://static.ankama.com/dofus-touch/www/img/../../../dofus-touch/www/game/items/52/19047.w40h40.png
Baguette Iots,Baguette,Niv. 138,https://static.ankama.com/dofus-touch/www/img/../../../dofus-touch/www/game/items/52/3057.w40h40.png
Racine de Fécorce,Bâton,Niv. 138,https://static.ankama.com/dofus-touch/www/img/../../../dofus-touch/www/game/items/52/4078.w40h40.png
Poolache,Hache,Niv. 137,https://static.ankama.com/dofus-touch/www/img/../../../dofus-touch/www/game/items/52/19048.w40h40.png
Pelle Shattkitou,Pelle,Niv. 137,https://static.ankama.com/dofus-touch/www/img/../../../dofus-touch/www/game/items/52/8049.w40h40.png
Marteau Pinière,Marteau,Niv. 135,https://static.ankama.com/dofus-touch/www/img/../../../dofus-touch/www/game/items/52/7052.w40h40.png
Les Dagues du Bouwin,Dague,Niv. 135,https://static.ankama.com/dofus-touch/www/img/../../../dofus-touch/www/game/items/52/5056.w40h40.png
Glaive Icération,Épée,Niv. 135,https://static.ankama.com/dofus-touch/www/img/../../../dofus-touch/www/game/items/52/6063.w40h40.png
La Canne Bière,Bâton,Niv. 134,https://static.ankama.com/dofus-touch/www/img/../../../dofus-touch/www/game/items/52/4065.w40h40.png
Baguette du Grand Glucid,Baguette,Niv. 134,https://static.ankama.com/dofus-touch/www/img/../../../dofus-touch/www/game/items/52/3079.w40h40.png
Branche de l'Abrakleur clair,Baguette,Niv. 132,https://static.ankama.com/dofus-touch/www/img/../../../dofus-touch/www/game/items/52/3065.w40h40.png
Marteau de la Gamine Zoth,Marteau,Niv. 132,https://static.ankama.com/dofus-touch/www/img/../../../dofus-touch/www/game/items/52/7064.w40h40.png
Pelle à Gâteau,Pelle,Niv. 131,https://static.ankama.com/dofus-touch/www/img/../../../dofus-touch/www/game/items/52/8043.w40h40.png
Arc Lavoine,Arc,Niv. 130,https://static.ankama.com/dofus-touch/www/img/../../../dofus-touch/www/game/items/52/2046.w40h40.png
Bâton du Shamansot,Bâton,Niv. 130,https://static.ankama.com/dofus-touch/www/img/../../../dofus-touch/www/game/items/52/4095.w40h40.png
Kelinobranche,Bâton,Niv. 129,https://static.ankama.com/dofus-touch/www/img/../../../dofus-touch/www/game/items/52/4038.w40h40.png
Arc Chtelion,Arc,Niv. 129,https://static.ankama.com/dofus-touch/www/img/../../../dofus-touch/www/game/items/52/2054.w40h40.png
Marteau Xiko,Marteau,Niv. 129,https://static.ankama.com/dofus-touch/www/img/../../../dofus-touch/www/game/items/52/7057.w40h40.png
Le Fendoir Tichaud,Hache,Niv. 128,https://static.ankama.com/dofus-touch/www/img/../../../dofus-touch/www/game/items/52/19041.w40h40.png
Dagues du Dragoeuf,Dague,Niv. 128,https://static.ankama.com/dofus-touch/www/img/../../../dofus-touch/www/game/items/52/5058.w40h40.png
Baguette Gyver,Baguette,Niv. 128,https://static.ankama.com/dofus-touch/www/img/../../../dofus-touch/www/game/items/52/3056.w40h40.png
Epée du Dragoeuf,Épée,Niv. 127,https://static.ankama.com/dofus-touch/www/img/../../../dofus-touch/www/game/items/52/6068.w40h40.png
Baguette Ourderie,Baguette,Niv. 127,https://static.ankama.com/dofus-touch/www/img/../../../dofus-touch/www/game/items/52/3047.w40h40.png
Sertisseur de Ramougre,Dague,Niv. 127,https://static.ankama.com/dofus-touch/www/img/../../../dofus-touch/www/game/items/52/5049.w40h40.png
Pelle Dragoeuf,Pelle,Niv. 127,https://static.ankama.com/dofus-touch/www/img/../../../dofus-touch/www/game/items/52/8045.w40h40.png
Baguette Houalle,Baguette,Niv. 126,https://static.ankama.com/dofus-touch/www/img/../../../dofus-touch/www/game/items/52/3055.w40h40.png
Hache du Dragoeuf,Hache,Niv. 126,https://static.ankama.com/dofus-touch/www/img/../../../dofus-touch/www/game/items/52/19043.w40h40.png
Epée du Dark Vlad,Épée,Niv. 126,https://static.ankama.com/dofus-touch/www/img/../../../dofus-touch/www/game/items/52/6061.w40h40.png
Marteau Hubohu,Marteau,Niv. 126,https://static.ankama.com/dofus-touch/www/img/../../../dofus-touch/www/game/items/52/7051.w40h40.png
Bâton Fracass,Bâton,Niv. 126,https://static.ankama.com/dofus-touch/www/img/../../../dofus-touch/www/game/items/52/4116.w40h40.png
Masse du Corailleur Magistral,Marteau,Niv. 125,https://static.ankama.com/dofus-touch/www/img/../../../dofus-touch/www/game/items/52/7063.w40h40.png
Couteau de Mer,Dague,Niv. 124,https://static.ankama.com/dofus-touch/www/img/../../../dofus-touch/www/game/items/52/5085.w40h40.png
Marteau Ksain,Marteau,Niv. 124,https://static.ankama.com/dofus-touch/www/img/../../../dofus-touch/www/game/items/52/7049.w40h40.png
Baguette du Dragoeuf,Baguette,Niv. 124,https://static.ankama.com/dofus-touch/www/img/../../../dofus-touch/www/game/items/52/3060.w40h40.png
Arc Huledela,Arc,Niv. 124,https://static.ankama.com/dofus-touch/www/img/../../../dofus-touch/www/game/items/52/2047.w40h40.png
Bâton du Dragoeuf,Bâton,Niv. 124,https://static.ankama.com/dofus-touch/www/img/../../../dofus-touch/www/game/items/52/4066.w40h40.png
Marteau du Dragoeuf,Marteau,Niv. 123,https://static.ankama.com/dofus-touch/www/img/../../../dofus-touch/www/game/items/52/7059.w40h40.png
Mourtheau,Marteau,Niv. 123,https://static.ankama.com/dofus-touch/www/img/../../../dofus-touch/www/game/items/52/7084.w40h40.png
Arc du Dragoeuf,Arc,Niv. 122,https://static.ankama.com/dofus-touch/www/img/../../../dofus-touch/www/game/items/52/2055.w40h40.png
Kask'Arc Go,Arc,Niv. 122,https://static.ankama.com/dofus-touch/www/img/../../../dofus-touch/www/game/items/52/2058.w40h40.png
Arc Rainier,Arc,Niv. 121,https://static.ankama.com/dofus-touch/www/img/../../../dofus-touch/www/game/items/52/2053.w40h40.png
Pelle Hikule,Pelle,Niv. 121,https://static.ankama.com/dofus-touch/www/img/../../../dofus-touch/www/game/items/52/8036.w40h40.png
Dagues R'Hoh,Dague,Niv. 121,https://static.ankama.com/dofus-touch/www/img/../../../dofus-touch/www/game/items/52/5041.w40h40.png
Dague Régah,Dague,Niv. 120,https://static.ankama.com/dofus-touch/www/img/../../../dofus-touch/www/game/items/52/5034.w40h40.png
Marteau R'Ticolis,Marteau,Niv. 120,https://static.ankama.com/dofus-touch/www/img/../../../dofus-touch/www/game/items/52/7040.w40h40.png
Amrothiline,Baguette,Niv. 120,https://static.ankama.com/dofus-touch/www/img/../../../dofus-touch/www/game/items/52/3044.w40h40.png
Arc du Chafer Archer,Arc,Niv. 120,https://static.ankama.com/dofus-touch/www/img/../../../dofus-touch/www/game/items/52/2039.w40h40.png
Baguette d'Elya Wood,Baguette,Niv. 120,https://static.ankama.com/dofus-touch/www/img/../../../dofus-touch/www/game/items/52/3039.w40h40.png
La Racine Hagogue,Bâton,Niv. 120,https://static.ankama.com/dofus-touch/www/img/../../../dofus-touch/www/game/items/52/4040.w40h40.png
Bâton de Sangroku,Bâton,Niv. 120,https://static.ankama.com/dofus-touch/www/img/../../../dofus-touch/www/game/items/52/4047.w40h40.png
Arc Hanne,Arc,Niv. 120,https://static.ankama.com/dofus-touch/www/img/../../../dofus-touch/www/game/items/52/2044.w40h40.png
Pelle du Mineur Sombre,Pelle,Niv. 120,https://static.ankama.com/dofus-touch/www/img/../../../dofus-touch/www/game/items/52/8034.w40h40.png
Marteau Kahr,Marteau,Niv. 120,https://static.ankama.com/dofus-touch/www/img/../../../dofus-touch/www/game/items/52/7041.w40h40.png
La Racine Cinati,Bâton,Niv. 120,https://static.ankama.com/dofus-touch/www/img/../../../dofus-touch/www/game/items/52/4039.w40h40.png
La Hache Menbien,Hache,Niv. 116,https://static.ankama.com/dofus-touch/www/img/../../../dofus-touch/www/game/items/52/19039.w40h40.png
Pelle Moh,Pelle,Niv. 115,https://static.ankama.com/dofus-touch/www/img/../../../dofus-touch/www/game/items/52/8042.w40h40.png
Bâton des Caraïbes,Bâton,Niv. 114,https://static.ankama.com/dofus-touch/www/img/../../../dofus-touch/www/game/items/52/4064.w40h40.png
Dagues de l'Apprenti Tueur de Bouftons,Dague,Niv. 113,https://static.ankama.com/dofus-touch/www/img/../../../dofus-touch/www/game/items/52/5046.w40h40.png
Dagues Rhumes,Dague,Niv. 113,https://static.ankama.com/dofus-touch/www/img/../../../dofus-touch/www/game/items/52/5048.w40h40.png
Arc Chitecte,Arc,Niv. 113,https://static.ankama.com/dofus-touch/www/img/../../../dofus-touch/www/game/items/52/2030.w40h40.png
Marteau Nairedeubrest,Marteau,Niv. 113,https://static.ankama.com/dofus-touch/www/img/../../../dofus-touch/www/game/items/52/7048.w40h40.png
Bâton de Marie Aigue,Bâton,Niv. 112,https://static.ankama.com/dofus-touch/www/img/../../../dofus-touch/www/game/items/52/4030.w40h40.png
La Hache Ticot,Hache,Niv. 112,https://static.ankama.com/dofus-touch/www/img/../../../dofus-touch/www/game/items/52/19040.w40h40.png
Marteau Ridhe,Marteau,Niv. 112,https://static.ankama.com/dofus-touch/www/img/../../../dofus-touch/www/game/items/52/7042.w40h40.png
Baguette Houffe-Craitien,Baguette,Niv. 112,https://static.ankama.com/dofus-touch/www/img/../../../dofus-touch/www/game/items/52/3046.w40h40.png
Tige du Brouture,Bâton,Niv. 111,https://static.ankama.com/dofus-touch/www/img/../../../dofus-touch/www/game/items/52/4075.w40h40.png
Griffe de Grizmine,Épée,Niv. 111,https://static.ankama.com/dofus-touch/www/img/../../../dofus-touch/www/game/items/52/6059.w40h40.png
Bâton du Koulosse,Bâton,Niv. 110,https://static.ankama.com/dofus-touch/www/img/../../../dofus-touch/www/game/items/52/4062.w40h40.png
Epée du Rat Blanc,Épée,Niv. 109,https://static.ankama.com/dofus-touch/www/img/../../../dofus-touch/www/game/items/52/6071.w40h40.png
Hache du Minotoror,Hache,Niv. 109,https://static.ankama.com/dofus-touch/www/img/../../../dofus-touch/www/game/items/52/19044.w40h40.png
Dagues du Rat Noir,Dague,Niv. 108,https://static.ankama.com/dofus-touch/www/img/../../../dofus-touch/www/game/items/52/5059.w40h40.png
Marteau Ronto,Marteau,Niv. 107,https://static.ankama.com/dofus-touch/www/img/../../../dofus-touch/www/game/items/52/7050.w40h40.png
Arc Assin,Arc,Niv. 107,https://static.ankama.com/dofus-touch/www/img/../../../dofus-touch/www/game/items/52/2045.w40h40.png
Râtrouille,Pelle,Niv. 107,https://static.ankama.com/dofus-touch/www/img/../../../dofus-touch/www/game/items/52/8066.w40h40.png
Marteau M'Pouce,Marteau,Niv. 107,https://static.ankama.com/dofus-touch/www/img/../../../dofus-touch/www/game/items/52/7046.w40h40.png
Le Bâton Cloutay,Bâton,Niv. 107,https://static.ankama.com/dofus-touch/www/img/../../../dofus-touch/www/game/items/52/4072.w40h40.png
Razoir du Soir,Épée,Niv. 106,https://static.ankama.com/dofus-touch/www/img/../../../dofus-touch/www/game/items/52/6062.w40h40.png
Clef à Molette,Pelle,Niv. 106,https://static.ankama.com/dofus-touch/www/img/../../../dofus-touch/www/game/items/52/170642.w40h40.png
Racine Sémilla,Bâton,Niv. 106,https://static.ankama.com/dofus-touch/www/img/../../../dofus-touch/www/game/items/52/4054.w40h40.png
La Baguette des Limbes,Baguette,Niv. 105,https://static.ankama.com/dofus-touch/www/img/../../../dofus-touch/www/game/items/52/3007.w40h40.png
Baguette Nah,Baguette,Niv. 105,https://static.ankama.com/dofus-touch/www/img/../../../dofus-touch/www/game/items/52/3054.w40h40.png
Baguette Rhon,Baguette,Niv. 105,https://static.ankama.com/dofus-touch/www/img/../../../dofus-touch/www/game/items/52/3049.w40h40.png
Racine Hécure,Bâton,Niv. 103,https://static.ankama.com/dofus-touch/www/img/../../../dofus-touch/www/game/items/52/4057.w40h40.png
Racine Hécouanone,Bâton,Niv. 103,https://static.ankama.com/dofus-touch/www/img/../../../dofus-touch/www/game/items/52/4060.w40h40.png
Lame du Chef Bwork,Épée,Niv. 100,https://static.ankama.com/dofus-touch/www/img/../../../dofus-touch/www/game/items/52/6048.w40h40.png
Inferno,Épée,Niv. 100,https://static.ankama.com/dofus-touch/www/img/../../../dofus-touch/www/game/items/52/6108.w40h40.png
Styx,Pelle,Niv. 100,https://static.ankama.com/dofus-touch/www/img/../../../dofus-touch/www/game/items/52/8062.w40h40.png
Mandrin,Marteau,Niv. 100,https://static.ankama.com/dofus-touch/www/img/../../../dofus-touch/www/game/items/52/7082.w40h40.png
Will Killson,Dague,Niv. 100,https://static.ankama.com/dofus-touch/www/img/../../../dofus-touch/www/game/items/52/5082.w40h40.png
Dagues Maydhyn China,Dague,Niv. 100,https://static.ankama.com/dofus-touch/www/img/../../../dofus-touch/www/game/items/52/5045.w40h40.png
Marteau Réhadaure,Marteau,Niv. 100,https://static.ankama.com/dofus-touch/www/img/../../../dofus-touch/www/game/items/52/7037.w40h40.png
Griffe Rose,Épée,Niv. 100,https://static.ankama.com/dofus-touch/www/img/../../../dofus-touch/www/game/items/52/6041.w40h40.png
Halle de Barde,Hache,Niv. 99,https://static.ankama.com/dofus-touch/www/img/../../../dofus-touch/www/game/items/52/19007.w40h40.png
Canne de Mamie Bonbon,Bâton,Niv. 98,https://static.ankama.com/dofus-touch/www/img/../../../dofus-touch/www/game/items/52/4048.w40h40.png
Hache du Yondanwa,Hache,Niv. 98,https://static.ankama.com/dofus-touch/www/img/../../../dofus-touch/www/game/items/52/19034.w40h40.png
Branche de l'Abrakleur sombre,Baguette,Niv. 97,https://static.ankama.com/dofus-touch/www/img/../../../dofus-touch/www/game/items/52/3064.w40h40.png
Epée Doncule,Épée,Niv. 97,https://static.ankama.com/dofus-touch/www/img/../../../dofus-touch/www/game/items/52/6073.w40h40.png
Hache de Lookabeer,Hache,Niv. 96,https://static.ankama.com/dofus-touch/www/img/../../../dofus-touch/www/game/items/52/19008.w40h40.png
Fourbasse-Ton,Bâton,Niv. 96,https://static.ankama.com/dofus-touch/www/img/../../../dofus-touch/www/game/items/52/4044.w40h40.png
Arc Anum,Arc,Niv. 96,https://static.ankama.com/dofus-touch/www/img/../../../dofus-touch/www/game/items/52/2049.w40h40.png
Epée qui Pète,Épée,Niv. 95,https://static.ankama.com/dofus-touch/www/img/../../../dofus-touch/www/game/items/52/6075.w40h40.png
Baguette Velue,Baguette,Niv. 95,https://static.ankama.com/dofus-touch/www/img/../../../dofus-touch/www/game/items/52/3031.w40h40.png
Fausse Griffe de Ceangal,Épée,Niv. 95,https://static.ankama.com/dofus-touch/www/img/../../../dofus-touch/www/game/items/52/6035.w40h40.png
Bâton du Féca,Bâton,Niv. 94,https://static.ankama.com/dofus-touch/www/img/../../../dofus-touch/www/game/items/52/4042.w40h40.png
Pelle Hébuse,Pelle,Niv. 94,https://static.ankama.com/dofus-touch/www/img/../../../dofus-touch/www/game/items/52/8004.w40h40.png
Fendeuse d'Abraknyde Ancestral,Hache,Niv. 93,https://static.ankama.com/dofus-touch/www/img/../../../dofus-touch/www/game/items/52/19013.w40h40.png
Bâton du Yondanwa,Bâton,Niv. 93,https://static.ankama.com/dofus-touch/www/img/../../../dofus-touch/www/game/items/52/4052.w40h40.png
Sabre Yondanwa,Épée,Niv. 92,https://static.ankama.com/dofus-touch/www/img/../../../dofus-touch/www/game/items/52/6058.w40h40.png
Dague Rafeuse,Dague,Niv. 91,https://static.ankama.com/dofus-touch/www/img/../../../dofus-touch/www/game/items/52/5033.w40h40.png
Dague Lutination,Dague,Niv. 90,https://static.ankama.com/dofus-touch/www/img/../../../dofus-touch/www/game/items/52/5035.w40h40.png
Baguette Irréelle,Baguette,Niv. 90,https://static.ankama.com/dofus-touch/www/img/../../../dofus-touch/www/game/items/52/3032.w40h40.png
Marteau de la Terps,Marteau,Niv. 90,https://static.ankama.com/dofus-touch/www/img/../../../dofus-touch/www/game/items/52/7038.w40h40.png
Hache de Dame Oise,Hache,Niv. 89,https://static.ankama.com/dofus-touch/www/img/../../../dofus-touch/www/game/items/52/19005.w40h40.png
Arc du Sram Archer,Arc,Niv. 89,https://static.ankama.com/dofus-touch/www/img/../../../dofus-touch/www/game/items/52/2040.w40h40.png
Pelle Rinage,Pelle,Niv. 88,https://static.ankama.com/dofus-touch/www/img/../../../dofus-touch/www/game/items/52/8004.w40h40.png
Pelle Mairhe,Pelle,Niv. 88,https://static.ankama.com/dofus-touch/www/img/../../../dofus-touch/www/game/items/52/8037.w40h40.png
Racine Huzohide,Bâton,Niv. 88,https://static.ankama.com/dofus-touch/www/img/../../../dofus-touch/www/game/items/52/4055.w40h40.png
Bâton de Daïgoro,Bâton,Niv. 88,https://static.ankama.com/dofus-touch/www/img/../../../dofus-touch/www/game/items/52/4108.w40h40.png
Vouge à Poisson,Hache,Niv. 87,https://static.ankama.com/dofus-touch/www/img/../../../dofus-touch/www/game/items/52/19004.w40h40.png
Arc Chiduc,Arc,Niv. 87,https://static.ankama.com/dofus-touch/www/img/../../../dofus-touch/www/game/items/52/2014.w40h40.png
Abraton Sombre,Bâton,Niv. 87,https://static.ankama.com/dofus-touch/www/img/../../../dofus-touch/www/game/items/52/4023.w40h40.png
La Pelle Hélabète,Pelle,Niv. 86,https://static.ankama.com/dofus-touch/www/img/../../../dofus-touch/www/game/items/52/8033.w40h40.png
Racine Horodon,Bâton,Niv. 86,https://static.ankama.com/dofus-touch/www/img/../../../dofus-touch/www/game/items/52/4058.w40h40.png
Racine Histre,Bâton,Niv. 86,https://static.ankama.com/dofus-touch/www/img/../../../dofus-touch/www/game/items/52/4056.w40h40.png
Pic à Glace,Épée,Niv. 85,https://static.ankama.com/dofus-touch/www/img/../../../dofus-touch/www/game/items/52/6014.w40h40.png
La Migraine,Baguette,Niv. 85,https://static.ankama.com/dofus-touch/www/img/../../../dofus-touch/www/game/items/52/3045.w40h40.png
Masse du Corailleur,Marteau,Niv. 85,https://static.ankama.com/dofus-touch/www/img/../../../dofus-touch/www/game/items/52/7065.w40h40.png
Bâton du Maître des Bouftous,Bâton,Niv. 85,https://static.ankama.com/dofus-touch/www/img/../../../dofus-touch/www/game/items/52/4006.w40h40.png
La Bastonneuze,Bâton,Niv. 85,https://static.ankama.com/dofus-touch/www/img/../../../dofus-touch/www/game/items/52/4073.w40h40.png
Francique Basquaise,Hache,Niv. 84,https://static.ankama.com/dofus-touch/www/img/../../../dofus-touch/www/game/items/52/19001.w40h40.png
Pelle Vaidaire,Pelle,Niv. 84,https://static.ankama.com/dofus-touch/www/img/../../../dofus-touch/www/game/items/52/8039.w40h40.png
La Thor-Boyaux,Dague,Niv. 83,https://static.ankama.com/dofus-touch/www/img/../../../dofus-touch/www/game/items/52/5031.w40h40.png
Daguette du Captain Chafer,Dague,Niv. 83,https://static.ankama.com/dofus-touch/www/img/../../../dofus-touch/www/game/items/52/5032.w40h40.png
Baguette Molle,Baguette,Niv. 83,https://static.ankama.com/dofus-touch/www/img/../../../dofus-touch/www/game/items/52/3033.w40h40.png
Sabre Sandanwa,Épée,Niv. 83,https://static.ankama.com/dofus-touch/www/img/../../../dofus-touch/www/game/items/52/6057.w40h40.png
Hache du Sandanwa,Hache,Niv. 83,https://static.ankama.com/dofus-touch/www/img/../../../dofus-touch/www/game/items/52/19035.w40h40.png
Hache Terrdala,Hache,Niv. 83,https://static.ankama.com/dofus-touch/www/img/../../../dofus-touch/www/game/items/52/19032.w40h40.png
Marteau Mato,Marteau,Niv. 83,https://static.ankama.com/dofus-touch/www/img/../../../dofus-touch/www/game/items/52/7061.w40h40.png
Marteau Nitruhant,Marteau,Niv. 82,https://static.ankama.com/dofus-touch/www/img/../../../dofus-touch/www/game/items/52/7043.w40h40.png
Kaiser,Marteau,Niv. 82,https://static.ankama.com/dofus-touch/www/img/../../../dofus-touch/www/game/items/52/7010.w40h40.png
Arc Ange,Arc,Niv. 82,https://static.ankama.com/dofus-touch/www/img/../../../dofus-touch/www/game/items/52/2031.w40h40.png
Marteau du Craqueleur Légendaire,Marteau,Niv. 81,https://static.ankama.com/dofus-touch/www/img/../../../dofus-touch/www/game/items/52/7058.w40h40.png
Hachette Savante,Hache,Niv. 81,https://static.ankama.com/dofus-touch/www/img/../../../dofus-touch/www/game/items/52/19004.w40h40.png
Geish'Arc,Arc,Niv. 81,https://static.ankama.com/dofus-touch/www/img/../../../dofus-touch/www/game/items/52/2056.w40h40.png
Marteau Fantal,Marteau,Niv. 81,https://static.ankama.com/dofus-touch/www/img/../../../dofus-touch/www/game/items/52/7036.w40h40.png
Baguette Hincelle,Baguette,Niv. 81,https://static.ankama.com/dofus-touch/www/img/../../../dofus-touch/www/game/items/52/3052.w40h40.png
Marteau à Torts,Marteau,Niv. 81,https://static.ankama.com/dofus-touch/www/img/../../../dofus-touch/www/game/items/52/7020.w40h40.png
Bâton d'Aga Dou,Bâton,Niv. 81,https://static.ankama.com/dofus-touch/www/img/../../../dofus-touch/www/game/items/52/4031.w40h40.png
Dagues Hischantes,Dague,Niv. 80,https://static.ankama.com/dofus-touch/www/img/../../../dofus-touch/www/game/items/52/5042.w40h40.png
Hache Eulouh,Hache,Niv. 80,https://static.ankama.com/dofus-touch/www/img/../../../dofus-touch/www/game/items/52/19046.w40h40.png
Lames Sanglantes D'Ortimus Contrari,Dague,Niv. 80,https://static.ankama.com/dofus-touch/www/img/../../../dofus-touch/www/game/items/52/5019.w40h40.png
La Pelle du Large,Pelle,Niv. 80,https://static.ankama.com/dofus-touch/www/img/../../../dofus-touch/www/game/items/52/8011.w40h40.png
Baguette Affeulante,Baguette,Niv. 80,https://static.ankama.com/dofus-touch/www/img/../../../dofus-touch/www/game/items/52/3024.w40h40.png
Arc Boutant,Arc,Niv. 80,https://static.ankama.com/dofus-touch/www/img/../../../dofus-touch/www/game/items/52/2013.w40h40.png
Bâton de Shika,Bâton,Niv. 80,https://static.ankama.com/dofus-touch/www/img/../../../dofus-touch/www/game/items/52/4069.w40h40.png
Marteau des Falistos,Marteau,Niv. 79,https://static.ankama.com/dofus-touch/www/img/../../../dofus-touch/www/game/items/52/7019.w40h40.png
Le Kikoularc,Arc,Niv. 79,https://static.ankama.com/dofus-touch/www/img/../../../dofus-touch/www/game/items/52/2057.w40h40.png
Baguette de Kouartz,Baguette,Niv. 78,https://static.ankama.com/dofus-touch/www/img/../../../dofus-touch/www/game/items/52/3041.w40h40.png
Bardiche du Milicien,Hache,Niv. 78,https://static.ankama.com/dofus-touch/www/img/../../../dofus-touch/www/game/items/52/19003.w40h40.png
Kidorteau,Marteau,Niv. 77,https://static.ankama.com/dofus-touch/www/img/../../../dofus-touch/www/game/items/52/7066.w40h40.png
Bâton du Sandanwa,Bâton,Niv. 77,https://static.ankama.com/dofus-touch/www/img/../../../dofus-touch/www/game/items/52/4051.w40h40.png
Sabre Feudala,Épée,Niv. 76,https://static.ankama.com/dofus-touch/www/img/../../../dofus-touch/www/game/items/52/6064.w40h40.png
Bâton de Farle,Bâton,Niv. 76,https://static.ankama.com/dofus-touch/www/img/../../../dofus-touch/www/game/items/52/4043.w40h40.png
Eventail Tranchant,Épée,Niv. 75,https://static.ankama.com/dofus-touch/www/img/../../../dofus-touch/www/game/items/52/6024.w40h40.png
Baguette Helles,Baguette,Niv. 75,https://static.ankama.com/dofus-touch/www/img/../../../dofus-touch/www/game/items/52/3022.w40h40.png
Fendeuse d'Abraknyde,Hache,Niv. 74,https://static.ankama.com/dofus-touch/www/img/../../../dofus-touch/www/game/items/52/19012.w40h40.png
La Bidjiz,Baguette,Niv. 74,https://static.ankama.com/dofus-touch/www/img/../../../dofus-touch/www/game/items/52/3062.w40h40.png
Chakra Style,Dague,Niv. 73,https://static.ankama.com/dofus-touch/www/img/../../../dofus-touch/www/game/items/52/5008.w40h40.png
Epée Zervatif,Épée,Niv. 73,https://static.ankama.com/dofus-touch/www/img/../../../dofus-touch/www/game/items/52/6074.w40h40.png
Ares,Pelle,Niv. 72,https://static.ankama.com/dofus-touch/www/img/../../../dofus-touch/www/game/items/52/8009.w40h40.png
Arc du Roi des Borins,Arc,Niv. 72,https://static.ankama.com/dofus-touch/www/img/../../../dofus-touch/www/game/items/52/2023.w40h40.png
Pelle Gicque,Pelle,Niv. 71,https://static.ankama.com/dofus-touch/www/img/../../../dofus-touch/www/game/items/52/8035.w40h40.png
Baguette Meneuse,Baguette,Niv. 71,https://static.ankama.com/dofus-touch/www/img/../../../dofus-touch/www/game/items/52/3021.w40h40.png
Arc du Pêcheur,Arc,Niv. 70,https://static.ankama.com/dofus-touch/www/img/../../../dofus-touch/www/game/items/52/2032.w40h40.png
Lame du Chef Crocodaille,Épée,Niv. 70,https://static.ankama.com/dofus-touch/www/img/../../../dofus-touch/www/game/items/52/6049.w40h40.png
Pelle Minstère,Pelle,Niv. 70,https://static.ankama.com/dofus-touch/www/img/../../../dofus-touch/www/game/items/52/8046.w40h40.png
Pelle Hi'Sé'Moun',Pelle,Niv. 70,https://static.ankama.com/dofus-touch/www/img/../../../dofus-touch/www/game/items/52/8056.w40h40.png
Marteau Ni'Hok',Marteau,Niv. 70,https://static.ankama.com/dofus-touch/www/img/../../../dofus-touch/www/game/items/52/7073.w40h40.png
Hache Per'Ge',Hache,Niv. 70,https://static.ankama.com/dofus-touch/www/img/../../../dofus-touch/www/game/items/52/19056.w40h40.png
Bâton Lap'Louz',Bâton,Niv. 70,https://static.ankama.com/dofus-touch/www/img/../../../dofus-touch/www/game/items/52/4087.w40h40.png
Marteau Pospodrol,Marteau,Niv. 70,https://static.ankama.com/dofus-touch/www/img/../../../dofus-touch/www/game/items/52/7005.w40h40.png
Epée Cerp'Teurh',Épée,Niv. 70,https://static.ankama.com/dofus-touch/www/img/../../../dofus-touch/www/game/items/52/6086.w40h40.png
Dague Ho'Rille',Dague,Niv. 70,https://static.ankama.com/dofus-touch/www/img/../../../dofus-touch/www/game/items/52/5075.w40h40.png
Arc Ko'Neun',Arc,Niv. 70,https://static.ankama.com/dofus-touch/www/img/../../../dofus-touch/www/game/items/52/2066.w40h40.png
Baguette Euh'Laille'Fe',Baguette,Niv. 70,https://static.ankama.com/dofus-touch/www/img/../../../dofus-touch/www/game/items/52/3071.w40h40.png
Griffettes,Dague,Niv. 69,https://static.ankama.com/dofus-touch/www/img/../../../dofus-touch/www/game/items/52/5062.w40h40.png
Bagdette Café,Baguette,Niv. 69,https://static.ankama.com/dofus-touch/www/img/../../../dofus-touch/www/game/items/52/3061.w40h40.png
Kryst O'Boul,Bâton,Niv. 68,https://static.ankama.com/dofus-touch/www/img/../../../dofus-touch/www/game/items/52/4063.w40h40.png
La Griffe Aiguisée,Épée,Niv. 68,https://static.ankama.com/dofus-touch/www/img/../../../dofus-touch/www/game/items/52/6034.w40h40.png
Baguette en Racine d'Abraknyde Sombre,Baguette,Niv. 67,https://static.ankama.com/dofus-touch/www/img/../../../dofus-touch/www/game/items/52/3040.w40h40.png
God Rod,Bâton,Niv. 67,https://static.ankama.com/dofus-touch/www/img/../../../dofus-touch/www/game/items/52/4007.w40h40.png
Dague Fourbesque,Dague,Niv. 67,https://static.ankama.com/dofus-touch/www/img/../../../dofus-touch/www/game/items/52/5011.w40h40.png
Dagues Ruyère,Dague,Niv. 67,https://static.ankama.com/dofus-touch/www/img/../../../dofus-touch/www/game/items/52/5061.w40h40.png
Trancheuse de Partie,Hache,Niv. 66,https://static.ankama.com/dofus-touch/www/img/../../../dofus-touch/www/game/items/52/19002.w40h40.png
Ragnarok,Marteau,Niv. 66,https://static.ankama.com/dofus-touch/www/img/../../../dofus-touch/www/game/items/52/7055.w40h40.png
Pelle Ripe,Pelle,Niv. 66,https://static.ankama.com/dofus-touch/www/img/../../../dofus-touch/www/game/items/52/8047.w40h40.png
Coupeuse de Sifflet,Hache,Niv. 66,https://static.ankama.com/dofus-touch/www/img/../../../dofus-touch/www/game/items/52/19017.w40h40.png
Sabre Nidanwa,Épée,Niv. 66,https://static.ankama.com/dofus-touch/www/img/../../../dofus-touch/www/game/items/52/6056.w40h40.png
Epée Royale du Bouftou,Épée,Niv. 65,https://static.ankama.com/dofus-touch/www/img/../../../dofus-touch/www/game/items/52/6030.w40h40.png
Pieu Vampirique,Baguette,Niv. 65,https://static.ankama.com/dofus-touch/www/img/../../../dofus-touch/www/game/items/52/3014.w40h40.png
Le Cutter Sanglant,Épée,Niv. 64,https://static.ankama.com/dofus-touch/www/img/../../../dofus-touch/www/game/items/52/6023.w40h40.png
Blessdags,Dague,Niv. 64,https://static.ankama.com/dofus-touch/www/img/../../../dofus-touch/www/game/items/52/5055.w40h40.png
Pelle Woukuis,Pelle,Niv. 64,https://static.ankama.com/dofus-touch/www/img/../../../dofus-touch/www/game/items/52/8021.w40h40.png
Balgourde des Clairettes,Baguette,Niv. 63,https://static.ankama.com/dofus-touch/www/img/../../../dofus-touch/www/game/items/52/3043.w40h40.png
Baguette Hylique,Baguette,Niv. 63,https://static.ankama.com/dofus-touch/www/img/../../../dofus-touch/www/game/items/52/3051.w40h40.png
Boulgourde des Clairières,Hache,Niv. 62,https://static.ankama.com/dofus-touch/www/img/../../../dofus-touch/www/game/items/52/19005.w40h40.png
Dagues Aerdala,Dague,Niv. 62,https://static.ankama.com/dofus-touch/www/img/../../../dofus-touch/www/game/items/52/5051.w40h40.png
Bâton du Nidanwa,Bâton,Niv. 62,https://static.ankama.com/dofus-touch/www/img/../../../dofus-touch/www/game/items/52/4050.w40h40.png
Hache Ebbah,Hache,Niv. 62,https://static.ankama.com/dofus-touch/www/img/../../../dofus-touch/www/game/items/52/19045.w40h40.png
Arc du Koalak,Arc,Niv. 61,https://static.ankama.com/dofus-touch/www/img/../../../dofus-touch/www/game/items/52/2052.w40h40.png
Découpeuse de Kralamoure,Épée,Niv. 61,https://static.ankama.com/dofus-touch/www/img/../../../dofus-touch/www/game/items/52/6008.w40h40.png
Lame du Craqueleur,Épée,Niv. 61,https://static.ankama.com/dofus-touch/www/img/../../../dofus-touch/www/game/items/52/6054.w40h40.png
Pelle Mechba,Pelle,Niv. 60,https://static.ankama.com/dofus-touch/www/img/../../../dofus-touch/www/game/items/52/8019.w40h40.png
La Zulie Lame,Épée,Niv. 60,https://static.ankama.com/dofus-touch/www/img/../../../dofus-touch/www/game/items/52/6015.w40h40.png
Bâton du Wobot,Bâton,Niv. 60,https://static.ankama.com/dofus-touch/www/img/../../../dofus-touch/www/game/items/52/4037.w40h40.png
Baguette Larvesque,Baguette,Niv. 60,https://static.ankama.com/dofus-touch/www/img/../../../dofus-touch/www/game/items/52/3019.w40h40.png
Bâton du Wa Wabbit,Bâton,Niv. 60,https://static.ankama.com/dofus-touch/www/img/../../../dofus-touch/www/game/items/52/4021.w40h40.png
Bâton des Rois,Bâton,Niv. 60,https://static.ankama.com/dofus-touch/www/img/../../../dofus-touch/www/game/items/52/4017.w40h40.png
Dague Haih'Ri'Don',Dague,Niv. 60,https://static.ankama.com/dofus-touch/www/img/../../../dofus-touch/www/game/items/52/5074.w40h40.png
Marteau Bo'Gan',Marteau,Niv. 60,https://static.ankama.com/dofus-touch/www/img/../../../dofus-touch/www/game/items/52/7070.w40h40.png
Bâton Lav'Heur',Bâton,Niv. 60,https://static.ankama.com/dofus-touch/www/img/../../../dofus-touch/www/game/items/52/4086.w40h40.png
Pelle Sécutrice,Pelle,Niv. 60,https://static.ankama.com/dofus-touch/www/img/../../../dofus-touch/www/game/items/52/8004.w40h40.png
Découpeuse de Yench,Épée,Niv. 60,https://static.ankama.com/dofus-touch/www/img/../../../dofus-touch/www/game/items/52/6021.w40h40.png
Pelle Rail'Zeur',Pelle,Niv. 60,https://static.ankama.com/dofus-touch/www/img/../../../dofus-touch/www/game/items/52/8055.w40h40.png
Arc Heub'Huz',Arc,Niv. 60,https://static.ankama.com/dofus-touch/www/img/../../../dofus-touch/www/game/items/52/2065.w40h40.png
Baguette Ta'Lay',Baguette,Niv. 60,https://static.ankama.com/dofus-touch/www/img/../../../dofus-touch/www/game/items/52/3070.w40h40.png
Hache Hev'Leu',Hache,Niv. 60,https://static.ankama.com/dofus-touch/www/img/../../../dofus-touch/www/game/items/52/19053.w40h40.png
Epée Rnoh'Hel',Épée,Niv. 60,https://static.ankama.com/dofus-touch/www/img/../../../dofus-touch/www/game/items/52/6087.w40h40.png
Le Tison Fûté,Baguette,Niv. 59,https://static.ankama.com/dofus-touch/www/img/../../../dofus-touch/www/game/items/52/3008.w40h40.png
Hache du Nidanwa,Hache,Niv. 59,https://static.ankama.com/dofus-touch/www/img/../../../dofus-touch/www/game/items/52/19036.w40h40.png
Baguette du Scarabosse Doré,Baguette,Niv. 59,https://static.ankama.com/dofus-touch/www/img/../../../dofus-touch/www/game/items/52/3059.w40h40.png
Xaveur,Arc,Niv. 58,https://static.ankama.com/dofus-touch/www/img/../../../dofus-touch/www/game/items/52/2005.w40h40.png
Bâton du Bwork Mage,Bâton,Niv. 58,https://static.ankama.com/dofus-touch/www/img/../../../dofus-touch/www/game/items/52/4001.w40h40.png
Bâton de Piggy Paupe,Bâton,Niv. 57,https://static.ankama.com/dofus-touch/www/img/../../../dofus-touch/www/game/items/52/4099.w40h40.png
Hache Darsson,Hache,Niv. 57,https://static.ankama.com/dofus-touch/www/img/../../../dofus-touch/www/game/items/52/19018.w40h40.png
Le Tronknydum,Arc,Niv. 57,https://static.ankama.com/dofus-touch/www/img/../../../dofus-touch/www/game/items/52/2041.w40h40.png
Marteau Polpoulette,Marteau,Niv. 57,https://static.ankama.com/dofus-touch/www/img/../../../dofus-touch/www/game/items/52/7035.w40h40.png
Bâton du Maître des Tofus,Bâton,Niv. 56,https://static.ankama.com/dofus-touch/www/img/../../../dofus-touch/www/game/items/52/4006.w40h40.png
Kwakwalame,Épée,Niv. 56,https://static.ankama.com/dofus-touch/www/img/../../../dofus-touch/www/game/items/52/6109.w40h40.png
Lame de Fon,Dague,Niv. 56,https://static.ankama.com/dofus-touch/www/img/../../../dofus-touch/www/game/items/52/5014.w40h40.png
Arc de Cristal,Arc,Niv. 56,https://static.ankama.com/dofus-touch/www/img/../../../dofus-touch/www/game/items/52/2018.w40h40.png
Hache du Mulou,Hache,Niv. 55,https://static.ankama.com/dofus-touch/www/img/../../../dofus-touch/www/game/items/52/19042.w40h40.png
Hook,Bâton,Niv. 55,https://static.ankama.com/dofus-touch/www/img/../../../dofus-touch/www/game/items/52/4004.w40h40.png
Pelle Zébuth,Pelle,Niv. 55,https://static.ankama.com/dofus-touch/www/img/../../../dofus-touch/www/game/items/52/8040.w40h40.png
Baguette d'Houvette,Baguette,Niv. 55,https://static.ankama.com/dofus-touch/www/img/../../../dofus-touch/www/game/items/52/3019.w40h40.png
Marteau Réfacteur,Marteau,Niv. 55,https://static.ankama.com/dofus-touch/www/img/../../../dofus-touch/www/game/items/52/7044.w40h40.png
Arc de Kuri,Arc,Niv. 55,https://static.ankama.com/dofus-touch/www/img/../../../dofus-touch/www/game/items/52/2043.w40h40.png
Marteau Re'Thu,Marteau,Niv. 55,https://static.ankama.com/dofus-touch/www/img/../../../dofus-touch/www/game/items/52/7005.w40h40.png
Epée d'Ougicle,Épée,Niv. 55,https://static.ankama.com/dofus-touch/www/img/../../../dofus-touch/www/game/items/52/6104.w40h40.png
Racine Sauvageonne,Bâton,Niv. 54,https://static.ankama.com/dofus-touch/www/img/../../../dofus-touch/www/game/items/52/4041.w40h40.png
Dagues d'Hichète,Dague,Niv. 54,https://static.ankama.com/dofus-touch/www/img/../../../dofus-touch/www/game/items/52/5083.w40h40.png
Hache de Brèche,Hache,Niv. 54,https://static.ankama.com/dofus-touch/www/img/../../../dofus-touch/www/game/items/52/19016.w40h40.png
Le Matronome,Marteau,Niv. 54,https://static.ankama.com/dofus-touch/www/img/../../../dofus-touch/www/game/items/52/7021.w40h40.png
Marteau de Mirh,Marteau,Niv. 54,https://static.ankama.com/dofus-touch/www/img/../../../dofus-touch/www/game/items/52/7083.w40h40.png
Baton Rifique,Bâton,Niv. 54,https://static.ankama.com/dofus-touch/www/img/../../../dofus-touch/www/game/items/52/170309.w40h40.png
Bâton du Kanigrou,Bâton,Niv. 53,https://static.ankama.com/dofus-touch/www/img/../../../dofus-touch/www/game/items/52/4022.w40h40.png
Baguette de Kloug,Baguette,Niv. 53,https://static.ankama.com/dofus-touch/www/img/../../../dofus-touch/www/game/items/52/3073.w40h40.png
Baguette d'Eglise,Baguette,Niv. 52,https://static.ankama.com/dofus-touch/www/img/../../../dofus-touch/www/game/items/52/3016.w40h40.png
Pelle Musicale,Pelle,Niv. 52,https://static.ankama.com/dofus-touch/www/img/../../../dofus-touch/www/game/items/52/8038.w40h40.png
Razielle,Épée,Niv. 52,https://static.ankama.com/dofus-touch/www/img/../../../dofus-touch/www/game/items/52/6016.w40h40.png
Pelle Doudesque,Pelle,Niv. 52,https://static.ankama.com/dofus-touch/www/img/../../../dofus-touch/www/game/items/52/8027.w40h40.png
Etoile du Soir,Épée,Niv. 52,https://static.ankama.com/dofus-touch/www/img/../../../dofus-touch/www/game/items/52/6022.w40h40.png
Masse Aj Taye,Marteau,Niv. 51,https://static.ankama.com/dofus-touch/www/img/../../../dofus-touch/www/game/items/52/7017.w40h40.png
Bâton de Logram,Bâton,Niv. 51,https://static.ankama.com/dofus-touch/www/img/../../../dofus-touch/www/game/items/52/4104.w40h40.png
Baguette des Cieux,Baguette,Niv. 51,https://static.ankama.com/dofus-touch/www/img/../../../dofus-touch/www/game/items/52/3006.w40h40.png
Hache de Pierre,Hache,Niv. 51,https://static.ankama.com/dofus-touch/www/img/../../../dofus-touch/www/game/items/52/19002.w40h40.png
Marteau de Klüme,Marteau,Niv. 51,https://static.ankama.com/dofus-touch/www/img/../../../dofus-touch/www/game/items/52/7724.w40h40.png
Puissante Masse Aj Taye,Marteau,Niv. 51,https://static.ankama.com/dofus-touch/www/img/../../../dofus-touch/www/game/items/52/7017.w40h40.png
Cruelle Pelle-Truelle,Pelle,Niv. 50,https://static.ankama.com/dofus-touch/www/img/../../../dofus-touch/www/game/items/52/8015.w40h40.png
Pelle Ikan,Pelle,Niv. 50,https://static.ankama.com/dofus-touch/www/img/../../../dofus-touch/www/game/items/52/8008.w40h40.png
Epée Dal'Douss',Épée,Niv. 50,https://static.ankama.com/dofus-touch/www/img/../../../dofus-touch/www/game/items/52/6088.w40h40.png
Marteau Reuh'Deuh'Piz',Marteau,Niv. 50,https://static.ankama.com/dofus-touch/www/img/../../../dofus-touch/www/game/items/52/7072.w40h40.png
Baguette Han'Dar',Baguette,Niv. 50,https://static.ankama.com/dofus-touch/www/img/../../../dofus-touch/www/game/items/52/3069.w40h40.png
Bâton de Karotz,Bâton,Niv. 50,https://static.ankama.com/dofus-touch/www/img/../../../dofus-touch/www/game/items/52/4098.w40h40.png
Épée Glutine de Nowel,Épée,Niv. 50,https://static.ankama.com/dofus-touch/www/img/../../../dofus-touch/www/game/items/52/6069.w40h40.png
Baguette Deuh-Pain,Baguette,Niv. 50,https://static.ankama.com/dofus-touch/www/img/../../../dofus-touch/www/game/items/52/3009.w40h40.png
Arc Tar'Huss',Arc,Niv. 50,https://static.ankama.com/dofus-touch/www/img/../../../dofus-touch/www/game/items/52/2064.w40h40.png
Hache Pi'Veuh'Nin',Hache,Niv. 50,https://static.ankama.com/dofus-touch/www/img/../../../dofus-touch/www/game/items/52/19055.w40h40.png
Bâton Boh'La',Bâton,Niv. 50,https://static.ankama.com/dofus-touch/www/img/../../../dofus-touch/www/game/items/52/4085.w40h40.png
Bâton du Manitou Zoth,Bâton,Niv. 50,https://static.ankama.com/dofus-touch/www/img/../../../dofus-touch/www/game/items/52/4091.w40h40.png
Pelle Melle,Pelle,Niv. 50,https://static.ankama.com/dofus-touch/www/img/../../../dofus-touch/www/game/items/52/8018.w40h40.png
Bâton-Boule de Voyante,Bâton,Niv. 50,https://static.ankama.com/dofus-touch/www/img/../../../dofus-touch/www/game/items/52/4018.w40h40.png
Dague Hi'Mov',Dague,Niv. 50,https://static.ankama.com/dofus-touch/www/img/../../../dofus-touch/www/game/items/52/5073.w40h40.png
Pelle Ag'Heuze',Pelle,Niv. 50,https://static.ankama.com/dofus-touch/www/img/../../../dofus-touch/www/game/items/52/8054.w40h40.png
Pelle de Stroud émoussée,Pelle,Niv. 50,https://static.ankama.com/dofus-touch/www/img/../../../dofus-touch/www/game/items/52/8059.w40h40.png
Baguette Ni'Ninnin,Baguette,Niv. 50,https://static.ankama.com/dofus-touch/www/img/../../../dofus-touch/www/game/items/52/3018.w40h40.png
Arc de Boo,Arc,Niv. 50,https://static.ankama.com/dofus-touch/www/img/../../../dofus-touch/www/game/items/52/2006.w40h40.png
Marteau Pinambour,Marteau,Niv. 50,https://static.ankama.com/dofus-touch/www/img/../../../dofus-touch/www/game/items/52/7039.w40h40.png
Epée Tillante,Épée,Niv. 49,https://static.ankama.com/dofus-touch/www/img/../../../dofus-touch/www/game/items/52/6102.w40h40.png
L'Arc à Hick,Arc,Niv. 49,https://static.ankama.com/dofus-touch/www/img/../../../dofus-touch/www/game/items/52/2011.w40h40.png
Marteau Tape Doigts,Marteau,Niv. 49,https://static.ankama.com/dofus-touch/www/img/../../../dofus-touch/www/game/items/52/7029.w40h40.png
Marteau Outar,Marteau,Niv. 48,https://static.ankama.com/dofus-touch/www/img/../../../dofus-touch/www/game/items/52/7006.w40h40.png
L'Hyldegarde,Baguette,Niv. 48,https://static.ankama.com/dofus-touch/www/img/../../../dofus-touch/www/game/items/52/3008.w40h40.png
Imposant Marteau Outar,Marteau,Niv. 48,https://static.ankama.com/dofus-touch/www/img/../../../dofus-touch/www/game/items/52/7006.w40h40.png
"Arc dit Kéha, nouvelle version",Arc,Niv. 47,https://static.ankama.com/dofus-touch/www/img/../../../dofus-touch/www/game/items/52/2021.w40h40.png
Hache d'Hulkrap,Hache,Niv. 47,https://static.ankama.com/dofus-touch/www/img/../../../dofus-touch/www/game/items/52/19058.w40h40.png
Elagueuse de Charme,Hache,Niv. 47,https://static.ankama.com/dofus-touch/www/img/../../../dofus-touch/www/game/items/52/19003.w40h40.png
Sceptre du Kanniboul Ebil,Bâton,Niv. 47,https://static.ankama.com/dofus-touch/www/img/../../../dofus-touch/www/game/items/52/4103.w40h40.png
Bâton d'Haku,Bâton,Niv. 47,https://static.ankama.com/dofus-touch/www/img/../../../dofus-touch/www/game/items/52/4106.w40h40.png
Dagues Honies,Dague,Niv. 46,https://static.ankama.com/dofus-touch/www/img/../../../dofus-touch/www/game/items/52/5050.w40h40.png
Arc des Rivages,Arc,Niv. 46,https://static.ankama.com/dofus-touch/www/img/../../../dofus-touch/www/game/items/52/2038.w40h40.png
Bâton du Shodanwa,Bâton,Niv. 46,https://static.ankama.com/dofus-touch/www/img/../../../dofus-touch/www/game/items/52/4049.w40h40.png
Pelle Perpote,Pelle,Niv. 46,https://static.ankama.com/dofus-touch/www/img/../../../dofus-touch/www/game/items/52/8065.w40h40.png
Dagues Eurfolles,Dague,Niv. 46,https://static.ankama.com/dofus-touch/www/img/../../../dofus-touch/www/game/items/52/5010.w40h40.png
Le Twote en Carton,Marteau,Niv. 46,https://static.ankama.com/dofus-touch/www/img/../../../dofus-touch/www/game/items/52/7006.w40h40.png
Lame d'Ogralimde,Épée,Niv. 45,https://static.ankama.com/dofus-touch/www/img/../../../dofus-touch/www/game/items/52/6012.w40h40.png
Baguette à Pans,Baguette,Niv. 45,https://static.ankama.com/dofus-touch/www/img/../../../dofus-touch/www/game/items/52/3020.w40h40.png
Corbalame,Épée,Niv. 45,https://static.ankama.com/dofus-touch/www/img/../../../dofus-touch/www/game/items/52/6032.w40h40.png
Abraton,Bâton,Niv. 45,https://static.ankama.com/dofus-touch/www/img/../../../dofus-touch/www/game/items/52/4023.w40h40.png
Jakchir Arc,Arc,Niv. 45,https://static.ankama.com/dofus-touch/www/img/../../../dofus-touch/www/game/items/52/2050.w40h40.png
Dague de Grouillot,Dague,Niv. 45,https://static.ankama.com/dofus-touch/www/img/../../../dofus-touch/www/game/items/52/5078.w40h40.png
Bâton en Racine d'Abraknyde,Bâton,Niv. 44,https://static.ankama.com/dofus-touch/www/img/../../../dofus-touch/www/game/items/52/4001.w40h40.png
Epée de Traçon,Épée,Niv. 44,https://static.ankama.com/dofus-touch/www/img/../../../dofus-touch/www/game/items/52/6110.w40h40.png
Dagues Aj'Deh'Là,Dague,Niv. 44,https://static.ankama.com/dofus-touch/www/img/../../../dofus-touch/www/game/items/52/5019.w40h40.png
Bâton Rouge,Bâton,Niv. 44,https://static.ankama.com/dofus-touch/www/img/../../../dofus-touch/www/game/items/52/4112.w40h40.png
Masse Tmosfer,Marteau,Niv. 43,https://static.ankama.com/dofus-touch/www/img/../../../dofus-touch/www/game/items/52/7014.w40h40.png
Pelle en Mousse,Pelle,Niv. 43,https://static.ankama.com/dofus-touch/www/img/../../../dofus-touch/www/game/items/52/8044.w40h40.png
Bâton de Gobeuf,Bâton,Niv. 43,https://static.ankama.com/dofus-touch/www/img/../../../dofus-touch/www/game/items/52/4090.w40h40.png
Bâton Akwadala,Bâton,Niv. 43,https://static.ankama.com/dofus-touch/www/img/../../../dofus-touch/www/game/items/52/4061.w40h40.png
Marteau du Chafer Draugr,Marteau,Niv. 43,https://static.ankama.com/dofus-touch/www/img/../../../dofus-touch/www/game/items/52/7726.w40h40.png
Pelle de Bois Dormant,Pelle,Niv. 43,https://static.ankama.com/dofus-touch/www/img/../../../dofus-touch/www/game/items/52/8020.w40h40.png
Baguette Sylvien,Baguette,Niv. 43,https://static.ankama.com/dofus-touch/www/img/../../../dofus-touch/www/game/items/52/3015.w40h40.png
Baguette Cetera,Baguette,Niv. 43,https://static.ankama.com/dofus-touch/www/img/../../../dofus-touch/www/game/items/52/3050.w40h40.png
Arc de Kubitus,Arc,Niv. 43,https://static.ankama.com/dofus-touch/www/img/../../../dofus-touch/www/game/items/52/2070.w40h40.png
Arc en Corne de Bouftou,Arc,Niv. 42,https://static.ankama.com/dofus-touch/www/img/../../../dofus-touch/www/game/items/52/2022.w40h40.png
Elagueuse d'Oliviolet,Hache,Niv. 42,https://static.ankama.com/dofus-touch/www/img/../../../dofus-touch/www/game/items/52/19014.w40h40.png
Arc à Poulie Sciée,Arc,Niv. 41,https://static.ankama.com/dofus-touch/www/img/../../../dofus-touch/www/game/items/52/2010.w40h40.png
Epée de Rekto Topi,Épée,Niv. 41,https://static.ankama.com/dofus-touch/www/img/../../../dofus-touch/www/game/items/52/6093.w40h40.png
Kwaklame de Flammes,Épée,Niv. 41,https://static.ankama.com/dofus-touch/www/img/../../../dofus-touch/www/game/items/52/6052.w40h40.png
Kwaklame de Terre,Épée,Niv. 41,https://static.ankama.com/dofus-touch/www/img/../../../dofus-touch/www/game/items/52/6053.w40h40.png
Marteau du Boufcoul,Marteau,Niv. 41,https://static.ankama.com/dofus-touch/www/img/../../../dofus-touch/www/game/items/52/7054.w40h40.png
Epée de Grüt,Épée,Niv. 41,https://static.ankama.com/dofus-touch/www/img/../../../dofus-touch/www/game/items/52/6094.w40h40.png
Epée de Kalkanéus,Épée,Niv. 41,https://static.ankama.com/dofus-touch/www/img/../../../dofus-touch/www/game/items/52/6112.w40h40.png
Pioche de Grizou,Pioche,Niv. 41,https://static.ankama.com/dofus-touch/www/img/../../../dofus-touch/www/game/items/52/21002.w40h40.png
Kwaklame de Glace,Épée,Niv. 41,https://static.ankama.com/dofus-touch/www/img/../../../dofus-touch/www/game/items/52/6051.w40h40.png
Kwaklame du Vent,Épée,Niv. 41,https://static.ankama.com/dofus-touch/www/img/../../../dofus-touch/www/game/items/52/6050.w40h40.png
Epée de Kocksis,Épée,Niv. 41,https://static.ankama.com/dofus-touch/www/img/../../../dofus-touch/www/game/items/52/6095.w40h40.png
Arc de Laikteur,Arc,Niv. 41,https://static.ankama.com/dofus-touch/www/img/../../../dofus-touch/www/game/items/52/2068.w40h40.png
Dagues Cruelles d'Elorie Entuwan,Dague,Niv. 40,https://static.ankama.com/dofus-touch/www/img/../../../dofus-touch/www/game/items/52/5007.w40h40.png
Dagues Eulasse,Dague,Niv. 40,https://static.ankama.com/dofus-touch/www/img/../../../dofus-touch/www/game/items/52/5010.w40h40.png
Marteau Mah'Turj',Marteau,Niv. 40,https://static.ankama.com/dofus-touch/www/img/../../../dofus-touch/www/game/items/52/7071.w40h40.png
Arc Hord'Eon',Arc,Niv. 40,https://static.ankama.com/dofus-touch/www/img/../../../dofus-touch/www/game/items/52/2063.w40h40.png
Kamapêche,Outil,Niv. 40,https://static.ankama.com/dofus-touch/www/img/../../../dofus-touch/www/game/items/52/20091.w40h40.png
Arc Hidsad,Arc,Niv. 40,https://static.ankama.com/dofus-touch/www/img/../../../dofus-touch/www/game/items/52/2012.w40h40.png
Hache Pira'Teur',Hache,Niv. 40,https://static.ankama.com/dofus-touch/www/img/../../../dofus-touch/www/game/items/52/19054.w40h40.png
Bâton du Tabi,Bâton,Niv. 40,https://static.ankama.com/dofus-touch/www/img/../../../dofus-touch/www/game/items/52/4006.w40h40.png
Rhizome Doré,Pelle,Niv. 40,https://static.ankama.com/dofus-touch/www/img/../../../dofus-touch/www/game/items/52/8010.w40h40.png
"Bâton de Dina, dit 'le Mythe'",Bâton,Niv. 40,https://static.ankama.com/dofus-touch/www/img/../../../dofus-touch/www/game/items/52/4006.w40h40.png
Epée Hi'Zan',Épée,Niv. 40,https://static.ankama.com/dofus-touch/www/img/../../../dofus-touch/www/game/items/52/6090.w40h40.png
Epée de Rapiat,Épée,Niv. 40,https://static.ankama.com/dofus-touch/www/img/../../../dofus-touch/www/game/items/52/6103.w40h40.png
Goultard,Épée,Niv. 40,https://static.ankama.com/dofus-touch/www/img/../../../dofus-touch/www/game/items/52/6017.w40h40.png
Sabre Shodanwa,Épée,Niv. 40,https://static.ankama.com/dofus-touch/www/img/../../../dofus-touch/www/game/items/52/6055.w40h40.png
Dague Hi'Bol',Dague,Niv. 40,https://static.ankama.com/dofus-touch/www/img/../../../dofus-touch/www/game/items/52/5071.w40h40.png
Baguette Stror'Di'Ner',Baguette,Niv. 40,https://static.ankama.com/dofus-touch/www/img/../../../dofus-touch/www/game/items/52/3068.w40h40.png
Bâton Bouk'Tou',Bâton,Niv. 40,https://static.ankama.com/dofus-touch/www/img/../../../dofus-touch/www/game/items/52/4084.w40h40.png
Bâton Tont'Ata,Bâton,Niv. 40,https://static.ankama.com/dofus-touch/www/img/../../../dofus-touch/www/game/items/52/4005.w40h40.png
Pelle Ass'Tik',Pelle,Niv. 40,https://static.ankama.com/dofus-touch/www/img/../../../dofus-touch/www/game/items/52/8052.w40h40.png
Baguette du Tofu,Baguette,Niv. 39,https://static.ankama.com/dofus-touch/www/img/../../../dofus-touch/www/game/items/52/3058.w40h40.png
Abrarc,Arc,Niv. 39,https://static.ankama.com/dofus-touch/www/img/../../../dofus-touch/www/game/items/52/2024.w40h40.png
Marteau du Bouftou,Marteau,Niv. 39,https://static.ankama.com/dofus-touch/www/img/../../../dofus-touch/www/game/items/52/7023.w40h40.png
Coupeuse de Bombu,Hache,Niv. 39,https://static.ankama.com/dofus-touch/www/img/../../../dofus-touch/www/game/items/52/19015.w40h40.png
La Trancheuse d'Arakne,Hache,Niv. 38,https://static.ankama.com/dofus-touch/www/img/../../../dofus-touch/www/game/items/52/19031.w40h40.png
Corde d'Ivan Nowé,Arc,Niv. 36,https://static.ankama.com/dofus-touch/www/img/../../../dofus-touch/www/game/items/52/2001.w40h40.png
Hache du Shodanwa,Hache,Niv. 36,https://static.ankama.com/dofus-touch/www/img/../../../dofus-touch/www/game/items/52/19037.w40h40.png
Bâton Dakn,Bâton,Niv. 36,https://static.ankama.com/dofus-touch/www/img/../../../dofus-touch/www/game/items/52/4019.w40h40.png
Daguette,Baguette,Niv. 35,https://static.ankama.com/dofus-touch/www/img/../../../dofus-touch/www/game/items/52/3017.w40h40.png
Pelle de l'Agence Touriste,Pelle,Niv. 35,https://static.ankama.com/dofus-touch/www/img/../../../dofus-touch/www/game/items/52/170277.w40h40.png
Couteau à Stek,Dague,Niv. 35,https://static.ankama.com/dofus-touch/www/img/../../../dofus-touch/www/game/items/52/5013.w40h40.png
Epée Cassée du Chevalier Malchanceux,Dague,Niv. 35,https://static.ankama.com/dofus-touch/www/img/../../../dofus-touch/www/game/items/52/5043.w40h40.png
Hache Heuvante,Hache,Niv. 35,https://static.ankama.com/dofus-touch/www/img/../../../dofus-touch/www/game/items/52/19015.w40h40.png
Marteau Toh'Lo,Marteau,Niv. 35,https://static.ankama.com/dofus-touch/www/img/../../../dofus-touch/www/game/items/52/7015.w40h40.png
La Griffe,Épée,Niv. 35,https://static.ankama.com/dofus-touch/www/img/../../../dofus-touch/www/game/items/52/6033.w40h40.png
Epée de Pym,Épée,Niv. 35,https://static.ankama.com/dofus-touch/www/img/../../../dofus-touch/www/game/items/52/6084.w40h40.png
Bâton du Maître des Tabis,Bâton,Niv. 34,https://static.ankama.com/dofus-touch/www/img/../../../dofus-touch/www/game/items/52/4006.w40h40.png
Faux usée du Paysan,Faux,Niv. 34,https://static.ankama.com/dofus-touch/www/img/../../../dofus-touch/www/game/items/52/22002.w40h40.png
Dagues Ancestrales,Dague,Niv. 34,https://static.ankama.com/dofus-touch/www/img/../../../dofus-touch/www/game/items/52/5008.w40h40.png
Lame du Chevaucheur de Karne,Épée,Niv. 34,https://static.ankama.com/dofus-touch/www/img/../../../dofus-touch/www/game/items/52/6003.w40h40.png
Abraknydi Vivitus,Bâton,Niv. 34,https://static.ankama.com/dofus-touch/www/img/../../../dofus-touch/www/game/items/52/4001.w40h40.png
Baguette en Racine d'Abraknyde,Baguette,Niv. 33,https://static.ankama.com/dofus-touch/www/img/../../../dofus-touch/www/game/items/52/3003.w40h40.png
La Corde de Yamato,Arc,Niv. 33,https://static.ankama.com/dofus-touch/www/img/../../../dofus-touch/www/game/items/52/2010.w40h40.png
Les Lames en Table,Dague,Niv. 33,https://static.ankama.com/dofus-touch/www/img/../../../dofus-touch/www/game/items/52/5013.w40h40.png
Tueuse de Chênes,Hache,Niv. 33,https://static.ankama.com/dofus-touch/www/img/../../../dofus-touch/www/game/items/52/19002.w40h40.png
Epée de Phong Huss,Épée,Niv. 33,https://static.ankama.com/dofus-touch/www/img/../../../dofus-touch/www/game/items/52/6097.w40h40.png
La crinière de Badoul,Épée,Niv. 33,https://static.ankama.com/dofus-touch/www/img/../../../dofus-touch/www/game/items/52/6011.w40h40.png
Dagues Eguisées,Dague,Niv. 33,https://static.ankama.com/dofus-touch/www/img/../../../dofus-touch/www/game/items/52/5010.w40h40.png
Bâton du Grand Pa Wabbit,Bâton,Niv. 32,https://static.ankama.com/dofus-touch/www/img/../../../dofus-touch/www/game/items/52/4001.w40h40.png
Fendeuse de Merisier,Hache,Niv. 32,https://static.ankama.com/dofus-touch/www/img/../../../dofus-touch/www/game/items/52/19007.w40h40.png
Arc de Jeanne,Arc,Niv. 30,https://static.ankama.com/dofus-touch/www/img/../../../dofus-touch/www/game/items/52/2015.w40h40.png
Baguette Hoh',Baguette,Niv. 30,https://static.ankama.com/dofus-touch/www/img/../../../dofus-touch/www/game/items/52/3067.w40h40.png
Arc du bandit archer,Arc,Niv. 30,https://static.ankama.com/dofus-touch/www/img/../../../dofus-touch/www/game/items/52/2067.w40h40.png
Dagues O'Bert,Dague,Niv. 30,https://static.ankama.com/dofus-touch/www/img/../../../dofus-touch/www/game/items/52/5001.w40h40.png
Pelle Rin',Pelle,Niv. 30,https://static.ankama.com/dofus-touch/www/img/../../../dofus-touch/www/game/items/52/8053.w40h40.png
Bâton Bah'Pik',Bâton,Niv. 30,https://static.ankama.com/dofus-touch/www/img/../../../dofus-touch/www/game/items/52/4083.w40h40.png
Epée du bandit fine-lame,Épée,Niv. 30,https://static.ankama.com/dofus-touch/www/img/../../../dofus-touch/www/game/items/52/6092.w40h40.png
Marteau d'Hectaupe,Marteau,Niv. 30,https://static.ankama.com/dofus-touch/www/img/../../../dofus-touch/www/game/items/52/7074.w40h40.png
Dague Hi'Don',Dague,Niv. 30,https://static.ankama.com/dofus-touch/www/img/../../../dofus-touch/www/game/items/52/5072.w40h40.png
Bâton du bandit baroudeur,Bâton,Niv. 30,https://static.ankama.com/dofus-touch/www/img/../../../dofus-touch/www/game/items/52/4089.w40h40.png
Arc du Xueluom,Arc,Niv. 30,https://static.ankama.com/dofus-touch/www/img/../../../dofus-touch/www/game/items/52/2051.w40h40.png
Bâton Carnivore,Bâton,Niv. 30,https://static.ankama.com/dofus-touch/www/img/../../../dofus-touch/www/game/items/52/4024.w40h40.png
Baguette du bandit ensorceleur,Baguette,Niv. 30,https://static.ankama.com/dofus-touch/www/img/../../../dofus-touch/www/game/items/52/3072.w40h40.png
Bâton d'Oubli,Bâton,Niv. 30,https://static.ankama.com/dofus-touch/www/img/../../../dofus-touch/www/game/items/52/4011.w40h40.png
Epée Ta'Rad',Épée,Niv. 30,https://static.ankama.com/dofus-touch/www/img/../../../dofus-touch/www/game/items/52/6089.w40h40.png
Marteau Le'Stoye',Marteau,Niv. 30,https://static.ankama.com/dofus-touch/www/img/../../../dofus-touch/www/game/items/52/7069.w40h40.png
Arc Plass'Tik',Arc,Niv. 30,https://static.ankama.com/dofus-touch/www/img/../../../dofus-touch/www/game/items/52/2062.w40h40.png
Hache Hich'Ke'Bab',Hache,Niv. 30,https://static.ankama.com/dofus-touch/www/img/../../../dofus-touch/www/game/items/52/19052.w40h40.png
Bâton de Rapine,Bâton,Niv. 30,https://static.ankama.com/dofus-touch/www/img/../../../dofus-touch/www/game/items/52/4092.w40h40.png
Le Rasoir Infernal,Dague,Niv. 29,https://static.ankama.com/dofus-touch/www/img/../../../dofus-touch/www/game/items/52/5017.w40h40.png
Bashers,Dague,Niv. 29,https://static.ankama.com/dofus-touch/www/img/../../../dofus-touch/www/game/items/52/5005.w40h40.png
Bâton Cornu,Bâton,Niv. 29,https://static.ankama.com/dofus-touch/www/img/../../../dofus-touch/www/game/items/52/4001.w40h40.png
Pelle de Koutoulou,Pelle,Niv. 29,https://static.ankama.com/dofus-touch/www/img/../../../dofus-touch/www/game/items/52/8019.w40h40.png
"La Lance à un ""110""",Bâton,Niv. 29,https://static.ankama.com/dofus-touch/www/img/../../../dofus-touch/www/game/items/52/4018.w40h40.png
Dagues Tylo,Dague,Niv. 28,https://static.ankama.com/dofus-touch/www/img/../../../dofus-touch/www/game/items/52/5012.w40h40.png
Marteau R'unique,Marteau,Niv. 28,https://static.ankama.com/dofus-touch/www/img/../../../dofus-touch/www/game/items/52/7018.w40h40.png
Francisque à Brêles,Hache,Niv. 28,https://static.ankama.com/dofus-touch/www/img/../../../dofus-touch/www/game/items/52/19017.w40h40.png
Nomoon,Arc,Niv. 28,https://static.ankama.com/dofus-touch/www/img/../../../dofus-touch/www/game/items/52/2009.w40h40.png
Arc en Racine d'Abraknyde,Arc,Niv. 28,https://static.ankama.com/dofus-touch/www/img/../../../dofus-touch/www/game/items/52/2001.w40h40.png
Sargasse,Marteau,Niv. 27,https://static.ankama.com/dofus-touch/www/img/../../../dofus-touch/www/game/items/52/7008.w40h40.png
Pelle Teuze,Pelle,Niv. 27,https://static.ankama.com/dofus-touch/www/img/../../../dofus-touch/www/game/items/52/8008.w40h40.png
Dagues Sylvestres,Dague,Niv. 27,https://static.ankama.com/dofus-touch/www/img/../../../dofus-touch/www/game/items/52/5006.w40h40.png
Agride,Hache,Niv. 27,https://static.ankama.com/dofus-touch/www/img/../../../dofus-touch/www/game/items/52/19011.w40h40.png
Lame du Bwork,Épée,Niv. 27,https://static.ankama.com/dofus-touch/www/img/../../../dofus-touch/www/game/items/52/6013.w40h40.png
Baguette d'Intelligence,Baguette,Niv. 27,https://static.ankama.com/dofus-touch/www/img/../../../dofus-touch/www/game/items/52/3001.w40h40.png
Bâton de fausse magie,Bâton,Niv. 27,https://static.ankama.com/dofus-touch/www/img/../../../dofus-touch/www/game/items/52/4016.w40h40.png
Arc de Triomphe,Arc,Niv. 27,https://static.ankama.com/dofus-touch/www/img/../../../dofus-touch/www/game/items/52/2011.w40h40.png
Lame du Chafer,Épée,Niv. 27,https://static.ankama.com/dofus-touch/www/img/../../../dofus-touch/www/game/items/52/6005.w40h40.png
Baguette Rangleuse,Baguette,Niv. 27,https://static.ankama.com/dofus-touch/www/img/../../../dofus-touch/www/game/items/52/3048.w40h40.png
Epée du Chevalier,Épée,Niv. 26,https://static.ankama.com/dofus-touch/www/img/../../../dofus-touch/www/game/items/52/6009.w40h40.png
Marteau de l'Aurore,Marteau,Niv. 26,https://static.ankama.com/dofus-touch/www/img/../../../dofus-touch/www/game/items/52/7002.w40h40.png
La Trancheuse de Bambou,Hache,Niv. 26,https://static.ankama.com/dofus-touch/www/img/../../../dofus-touch/www/game/items/52/19033.w40h40.png
Epée d'Alle,Épée,Niv. 26,https://static.ankama.com/dofus-touch/www/img/../../../dofus-touch/www/game/items/52/6001.w40h40.png
La Plantouze des Champs,Bâton,Niv. 26,https://static.ankama.com/dofus-touch/www/img/../../../dofus-touch/www/game/items/52/4045.w40h40.png
Dagues du Bandit,Dague,Niv. 26,https://static.ankama.com/dofus-touch/www/img/../../../dofus-touch/www/game/items/52/5009.w40h40.png
Mauvaise Pioche,Pioche,Niv. 25,https://static.ankama.com/dofus-touch/www/img/../../../dofus-touch/www/game/items/52/21001.w40h40.png
Katana de la Roche,Épée,Niv. 25,https://static.ankama.com/dofus-touch/www/img/../../../dofus-touch/www/game/items/52/171507.w40h40.png
Mangeuse d'Erable,Hache,Niv. 25,https://static.ankama.com/dofus-touch/www/img/../../../dofus-touch/www/game/items/52/19010.w40h40.png
Queues de Chatons,Dague,Niv. 25,https://static.ankama.com/dofus-touch/www/img/../../../dofus-touch/www/game/items/52/5020.w40h40.png
Katana de la Tempête,Épée,Niv. 25,https://static.ankama.com/dofus-touch/www/img/../../../dofus-touch/www/game/items/52/171505.w40h40.png
Katana de la Marée,Épée,Niv. 25,https://static.ankama.com/dofus-touch/www/img/../../../dofus-touch/www/game/items/52/171506.w40h40.png
Le Marteau du Chafer,Marteau,Niv. 25,https://static.ankama.com/dofus-touch/www/img/../../../dofus-touch/www/game/items/52/7009.w40h40.png
La Klebik,Épée,Niv. 25,https://static.ankama.com/dofus-touch/www/img/../../../dofus-touch/www/game/items/52/6011.w40h40.png
Marteau Tau,Marteau,Niv. 25,https://static.ankama.com/dofus-touch/www/img/../../../dofus-touch/www/game/items/52/7003.w40h40.png
Katana du Brasier,Épée,Niv. 25,https://static.ankama.com/dofus-touch/www/img/../../../dofus-touch/www/game/items/52/171504.w40h40.png
Pelle à Thart',Pelle,Niv. 24,https://static.ankama.com/dofus-touch/www/img/../../../dofus-touch/www/game/items/52/8008.w40h40.png
Pelle Houze,Pelle,Niv. 24,https://static.ankama.com/dofus-touch/www/img/../../../dofus-touch/www/game/items/52/8017.w40h40.png
Masse d'Ha,Marteau,Niv. 24,https://static.ankama.com/dofus-touch/www/img/../../../dofus-touch/www/game/items/52/7016.w40h40.png
Bâton de l'Homme Ours,Bâton,Niv. 24,https://static.ankama.com/dofus-touch/www/img/../../../dofus-touch/www/game/items/52/4046.w40h40.png
La Triste Lame,Épée,Niv. 23,https://static.ankama.com/dofus-touch/www/img/../../../dofus-touch/www/game/items/52/6005.w40h40.png
Arc Ecologique,Arc,Niv. 23,https://static.ankama.com/dofus-touch/www/img/../../../dofus-touch/www/game/items/52/2020.w40h40.png
Barabas,Marteau,Niv. 23,https://static.ankama.com/dofus-touch/www/img/../../../dofus-touch/www/game/items/52/7011.w40h40.png
Pelle du Craqueleur,Pelle,Niv. 23,https://static.ankama.com/dofus-touch/www/img/../../../dofus-touch/www/game/items/52/8007.w40h40.png
Baguette de Sagesse,Baguette,Niv. 23,https://static.ankama.com/dofus-touch/www/img/../../../dofus-touch/www/game/items/52/3004.w40h40.png
Le Tranchant Infernal,Épée,Niv. 22,https://static.ankama.com/dofus-touch/www/img/../../../dofus-touch/www/game/items/52/6013.w40h40.png
Arc Hancihaile,Arc,Niv. 22,https://static.ankama.com/dofus-touch/www/img/../../../dofus-touch/www/game/items/52/2016.w40h40.png
Hache Huré,Hache,Niv. 22,https://static.ankama.com/dofus-touch/www/img/../../../dofus-touch/www/game/items/52/19016.w40h40.png
Arc du Bwork Archer,Arc,Niv. 22,https://static.ankama.com/dofus-touch/www/img/../../../dofus-touch/www/game/items/52/2004.w40h40.png
Trancheuse de Noyer,Hache,Niv. 21,https://static.ankama.com/dofus-touch/www/img/../../../dofus-touch/www/game/items/52/19008.w40h40.png
La Queue Infernale,Épée,Niv. 21,https://static.ankama.com/dofus-touch/www/img/../../../dofus-touch/www/game/items/52/6018.w40h40.png
L'Ergot Mina,Dague,Niv. 20,https://static.ankama.com/dofus-touch/www/img/../../../dofus-touch/www/game/items/52/5014.w40h40.png
Baguette de Liriel,Baguette,Niv. 20,https://static.ankama.com/dofus-touch/www/img/../../../dofus-touch/www/game/items/52/3005.w40h40.png
Baguette de Feu Follesque,Baguette,Niv. 20,https://static.ankama.com/dofus-touch/www/img/../../../dofus-touch/www/game/items/52/3014.w40h40.png
Barbe Grise,Pelle,Niv. 20,https://static.ankama.com/dofus-touch/www/img/../../../dofus-touch/www/game/items/52/8011.w40h40.png
La Canne Hête,Bâton,Niv. 20,https://static.ankama.com/dofus-touch/www/img/../../../dofus-touch/www/game/items/52/4068.w40h40.png
Arc Déroutant,Arc,Niv. 20,https://static.ankama.com/dofus-touch/www/img/../../../dofus-touch/www/game/items/52/2003.w40h40.png
Epée du Chevalier de Glace,Épée,Niv. 20,https://static.ankama.com/dofus-touch/www/img/../../../dofus-touch/www/game/items/52/6051.w40h40.png
Marteau d'Ivoire,Marteau,Niv. 19,https://static.ankama.com/dofus-touch/www/img/../../../dofus-touch/www/game/items/52/7003.w40h40.png
Arc Buse,Arc,Niv. 18,https://static.ankama.com/dofus-touch/www/img/../../../dofus-touch/www/game/items/52/2017.w40h40.png
Bâton de l'initié,Bâton,Niv. 18,https://static.ankama.com/dofus-touch/www/img/../../../dofus-touch/www/game/items/52/4001.w40h40.png
Arc de l'initié,Arc,Niv. 18,https://static.ankama.com/dofus-touch/www/img/../../../dofus-touch/www/game/items/52/2001.w40h40.png
Pelle de l'initié,Pelle,Niv. 18,https://static.ankama.com/dofus-touch/www/img/../../../dofus-touch/www/game/items/52/8001.w40h40.png
Pelle de Rapage,Pelle,Niv. 18,https://static.ankama.com/dofus-touch/www/img/../../../dofus-touch/www/game/items/52/8005.w40h40.png
Koupe-koupe,Épée,Niv. 18,https://static.ankama.com/dofus-touch/www/img/../../../dofus-touch/www/game/items/52/6004.w40h40.png
Dagues de l'initié,Dague,Niv. 18,https://static.ankama.com/dofus-touch/www/img/../../../dofus-touch/www/game/items/52/5010.w40h40.png
Marteau Pickeur,Marteau,Niv. 18,https://static.ankama.com/dofus-touch/www/img/../../../dofus-touch/www/game/items/52/7012.w40h40.png
Marteau de l'initié,Marteau,Niv. 18,https://static.ankama.com/dofus-touch/www/img/../../../dofus-touch/www/game/items/52/7001.w40h40.png
Hache de l'initié,Hache,Niv. 18,https://static.ankama.com/dofus-touch/www/img/../../../dofus-touch/www/game/items/52/19001.w40h40.png
Baguette Heure,Baguette,Niv. 18,https://static.ankama.com/dofus-touch/www/img/../../../dofus-touch/www/game/items/52/3017.w40h40.png
Épée de l'initié,Épée,Niv. 18,https://static.ankama.com/dofus-touch/www/img/../../../dofus-touch/www/game/items/52/6007.w40h40.png
Trancheuse d'If,Hache,Niv. 17,https://static.ankama.com/dofus-touch/www/img/../../../dofus-touch/www/game/items/52/19004.w40h40.png
Epée d'Ha,Épée,Niv. 17,https://static.ankama.com/dofus-touch/www/img/../../../dofus-touch/www/game/items/52/6006.w40h40.png
Dagues de Croclage,Dague,Niv. 17,https://static.ankama.com/dofus-touch/www/img/../../../dofus-touch/www/game/items/52/5004.w40h40.png
Cerberus,Marteau,Niv. 16,https://static.ankama.com/dofus-touch/www/img/../../../dofus-touch/www/game/items/52/7007.w40h40.png
Bâton Spirituel,Bâton,Niv. 16,https://static.ankama.com/dofus-touch/www/img/../../../dofus-touch/www/game/items/52/4008.w40h40.png
Baguette de Glace,Baguette,Niv. 15,https://static.ankama.com/dofus-touch/www/img/../../../dofus-touch/www/game/items/52/3002.w40h40.png
Pelle des Champs,Pelle,Niv. 15,https://static.ankama.com/dofus-touch/www/img/../../../dofus-touch/www/game/items/52/8017.w40h40.png
Epée Sacrée,Épée,Niv. 15,https://static.ankama.com/dofus-touch/www/img/../../../dofus-touch/www/game/items/52/6001.w40h40.png
Bâton de Bouftier,Bâton,Niv. 15,https://static.ankama.com/dofus-touch/www/img/../../../dofus-touch/www/game/items/52/4009.w40h40.png
Hache Térophyle,Hache,Niv. 15,https://static.ankama.com/dofus-touch/www/img/../../../dofus-touch/www/game/items/52/19014.w40h40.png
Marteau de Raclage,Marteau,Niv. 15,https://static.ankama.com/dofus-touch/www/img/../../../dofus-touch/www/game/items/52/7002.w40h40.png
Epée de Fouraille,Épée,Niv. 15,https://static.ankama.com/dofus-touch/www/img/../../../dofus-touch/www/game/items/52/6002.w40h40.png
Arc Holic,Arc,Niv. 15,https://static.ankama.com/dofus-touch/www/img/../../../dofus-touch/www/game/items/52/2004.w40h40.png
Bâton Feuillu,Bâton,Niv. 14,https://static.ankama.com/dofus-touch/www/img/../../../dofus-touch/www/game/items/52/4002.w40h40.png
Faux de Farle Ingalsse,Faux,Niv. 13,https://static.ankama.com/dofus-touch/www/img/../../../dofus-touch/www/game/items/52/22001.w40h40.png
Hache Vôr'Om,Hache,Niv. 12,https://static.ankama.com/dofus-touch/www/img/../../../dofus-touch/www/game/items/52/19013.w40h40.png
Baguette de l'initié,Baguette,Niv. 12,https://static.ankama.com/dofus-touch/www/img/../../../dofus-touch/www/game/items/52/3008.w40h40.png
Leurnettes,Dague,Niv. 12,https://static.ankama.com/dofus-touch/www/img/../../../dofus-touch/www/game/items/52/5009.w40h40.png
Maillet Aclou,Marteau,Niv. 11,https://static.ankama.com/dofus-touch/www/img/../../../dofus-touch/www/game/items/52/7012.w40h40.png
Arc Sifflant,Arc,Niv. 11,https://static.ankama.com/dofus-touch/www/img/../../../dofus-touch/www/game/items/52/2015.w40h40.png
Arc de Mech Riorraw,Arc,Niv. 10,https://static.ankama.com/dofus-touch/www/img/../../../dofus-touch/www/game/items/52/2008.w40h40.png
Arc de Mulic Bere,Arc,Niv. 10,https://static.ankama.com/dofus-touch/www/img/../../../dofus-touch/www/game/items/52/2010.w40h40.png
Hache Hémal,Hache,Niv. 9,https://static.ankama.com/dofus-touch/www/img/../../../dofus-touch/www/game/items/52/19018.w40h40.png
Hachette Hévlalav,Hache,Niv. 8,https://static.ankama.com/dofus-touch/www/img/../../../dofus-touch/www/game/items/52/19007.w40h40.png
Marteau du Bricoleur,Marteau,Niv. 7,https://static.ankama.com/dofus-touch/www/img/../../../dofus-touch/www/game/items/52/7002.w40h40.png
Lance honorifique d'Albuera,Bâton,Niv. 5,https://static.ankama.com/dofus-touch/www/img/../../../dofus-touch/www/game/items/52/172089.w40h40.png
Lance honorifique d'Albuera,Bâton,Niv. 5,https://static.ankama.com/dofus-touch/www/img/../../../dofus-touch/www/game/items/52/172089.w40h40.png
Lance honorifique d'Albuera,Bâton,Niv. 5,https://static.ankama.com/dofus-touch/www/img/../../../dofus-touch/www/game/items/52/172089.w40h40.png
Lance honorifique d'Albuera,Bâton,Niv. 5,https://static.ankama.com/dofus-touch/www/img/../../../dofus-touch/www/game/items/52/172089.w40h40.png
Dagues de Boisaille,Dague,Niv. 4,https://static.ankama.com/dofus-touch/www/img/../../../dofus-touch/www/game/items/52/5010.w40h40.png
Epée de Boisaille,Épée,Niv. 3,https://static.ankama.com/dofus-touch/www/img/../../../dofus-touch/www/game/items/52/6007.w40h40.png
Hachette de Bûcheron,Hache,Niv. 3,https://static.ankama.com/dofus-touch/www/img/../../../dofus-touch/www/game/items/52/19006.w40h40.png
Bâton Kouyu,Bâton,Niv. 2,https://static.ankama.com/dofus-touch/www/img/../../../dofus-touch/www/game/items/52/4003.w40h40.png
Hache de Bûcheron,Hache,Niv. 2,https://static.ankama.com/dofus-touch/www/img/../../../dofus-touch/www/game/items/52/19001.w40h40.png
Marteau de Boisaille,Marteau,Niv. 2,https://static.ankama.com/dofus-touch/www/img/../../../dofus-touch/www/game/items/52/7001.w40h40.png
Dagues de Fouraille,Dague,Niv. 2,https://static.ankama.com/dofus-touch/www/img/../../../dofus-touch/www/game/items/52/5003.w40h40.png
La Queue,Épée,Niv. 2,https://static.ankama.com/dofus-touch/www/img/../../../dofus-touch/www/game/items/52/6018.w40h40.png
Marteau Martel,Marteau,Niv. 2,https://static.ankama.com/dofus-touch/www/img/../../../dofus-touch/www/game/items/52/7002.w40h40.png
Baguette de Boisaille,Baguette,Niv. 2,https://static.ankama.com/dofus-touch/www/img/../../../dofus-touch/www/game/items/52/3008.w40h40.png
Pelle de Crapouille,Pelle,Niv. 2,https://static.ankama.com/dofus-touch/www/img/../../../dofus-touch/www/game/items/52/8004.w40h40.png
Arc Hade,Arc,Niv. 2,https://static.ankama.com/dofus-touch/www/img/../../../dofus-touch/www/game/items/52/2001.w40h40.png
Demi-Baguette,Baguette,Niv. 2,https://static.ankama.com/dofus-touch/www/img/../../../dofus-touch/www/game/items/52/3013.w40h40.png
Arc de Boisaille,Arc,Niv. 2,https://static.ankama.com/dofus-touch/www/img/../../../dofus-touch/www/game/items/52/2001.w40h40.png
Bâton de Boisaille,Bâton,Niv. 2,https://static.ankama.com/dofus-touch/www/img/../../../dofus-touch/www/game/items/52/4001.w40h40.png
Pelle de Boisaille,Pelle,Niv. 2,https://static.ankama.com/dofus-touch/www/img/../../../dofus-touch/www/game/items/52/8001.w40h40.png
Aiguilles et Fil,Outil,Niv. 1,https://static.ankama.com/dofus-touch/www/img/../../../dofus-touch/www/game/items/52/20004.w40h40.png
Le Bâton d'Amour,Outil,Niv. 1,https://static.ankama.com/dofus-touch/www/img/../../../dofus-touch/www/game/items/52/20008.w40h40.png
Lame de chasse,Outil,Niv. 1,https://static.ankama.com/dofus-touch/www/img/../../../dofus-touch/www/game/items/52/20016.w40h40.png
Lance de Chasse,Outil,Niv. 1,https://static.ankama.com/dofus-touch/www/img/../../../dofus-touch/www/game/items/52/20017.w40h40.png
Baguette de Chasse,Outil,Niv. 1,https://static.ankama.com/dofus-touch/www/img/../../../dofus-touch/www/game/items/52/3001.w40h40.png
Pioche du Mineur,Pioche,Niv. 1,https://static.ankama.com/dofus-touch/www/img/../../../dofus-touch/www/game/items/52/21001.w40h40.png
Canne à Pêche Courte,Outil,Niv. 1,https://static.ankama.com/dofus-touch/www/img/../../../dofus-touch/www/game/items/52/20008.w40h40.png
Flûte,Outil,Niv. 1,https://static.ankama.com/dofus-touch/www/img/../../../dofus-touch/www/game/items/52/20006.w40h40.png
Canne Harpon,Outil,Niv. 1,https://static.ankama.com/dofus-touch/www/img/../../../dofus-touch/www/game/items/52/20008.w40h40.png
Canne Cubique,Outil,Niv. 1,https://static.ankama.com/dofus-touch/www/img/../../../dofus-touch/www/game/items/52/20008.w40h40.png
Grande Canne à Pêche,Outil,Niv. 1,https://static.ankama.com/dofus-touch/www/img/../../../dofus-touch/www/game/items/52/20008.w40h40.png
Hache de chasse,Outil,Niv. 1,https://static.ankama.com/dofus-touch/www/img/../../../dofus-touch/www/game/items/52/20015.w40h40.png
Marteau de chasse,Outil,Niv. 1,https://static.ankama.com/dofus-touch/www/img/../../../dofus-touch/www/game/items/52/7009.w40h40.png
Hachoir de Boucher,Outil,Niv. 1,https://static.ankama.com/dofus-touch/www/img/../../../dofus-touch/www/game/items/52/20012.w40h40.png
Canne à Pichon,Outil,Niv. 1,https://static.ankama.com/dofus-touch/www/img/../../../dofus-touch/www/game/items/52/20008.w40h40.png
Canne à Kralamour,Outil,Niv. 1,https://static.ankama.com/dofus-touch/www/img/../../../dofus-touch/www/game/items/52/20008.w40h40.png
Gants de l'apprenti alchimiste,Outil,Niv. 1,https://static.ankama.com/dofus-touch/www/img/../../../dofus-touch/www/game/items/52/20005.w40h40.png
Epée Tulante du débutant,Épée,Niv. 1,https://static.ankama.com/dofus-touch/www/img/../../../dofus-touch/www/game/items/52/6096.w40h40.png
Marteau de Combattant d'Albuera,Marteau,Niv. 1,https://static.ankama.com/dofus-touch/www/img/../../../dofus-touch/www/game/items/52/172093.w40h40.png
La Grande Perche,Outil,Niv. 1,https://static.ankama.com/dofus-touch/www/img/../../../dofus-touch/www/game/items/52/20008.w40h40.png
Canne à Koinkoin,Outil,Niv. 1,https://static.ankama.com/dofus-touch/www/img/../../../dofus-touch/www/game/items/52/20008.w40h40.png
Ciseaux à rose démoniaque,Outil,Niv. 1,https://static.ankama.com/dofus-touch/www/img/../../../dofus-touch/www/game/items/52/20022.w40h40.png
Epée de Nowel,Épée,Niv. 1,https://static.ankama.com/dofus-touch/www/img/../../../dofus-touch/www/game/items/52/6069.w40h40.png
Marteau de Forgeur de Grattoir,Marteau,Niv. 1,https://static.ankama.com/dofus-touch/www/img/../../../dofus-touch/www/game/items/52/7002.w40h40.png
Mains Vertes,Outil,Niv. 1,https://static.ankama.com/dofus-touch/www/img/../../../dofus-touch/www/game/items/52/20005.w40h40.png
Canne à Chô,Outil,Niv. 1,https://static.ankama.com/dofus-touch/www/img/../../../dofus-touch/www/game/items/52/20008.w40h40.png
Canne à Pêche Standard,Outil,Niv. 1,https://static.ankama.com/dofus-touch/www/img/../../../dofus-touch/www/game/items/52/20008.w40h40.png
Couteau de Chasse,Outil,Niv. 1,https://static.ankama.com/dofus-touch/www/img/../../../dofus-touch/www/game/items/52/20014.w40h40.png
Hachoir de poissonnier,Outil,Niv. 1,https://static.ankama.com/dofus-touch/www/img/../../../dofus-touch/www/game/items/52/20013.w40h40.png
Aiguille du Costumage,Outil,Niv. 1,https://static.ankama.com/dofus-touch/www/img/../../../dofus-touch/www/game/items/52/20023.w40h40.png
Pinceau,Outil,Niv. 1,https://static.ankama.com/dofus-touch/www/img/../../../dofus-touch/www/game/items/52/20024.w40h40.png
Loupe,Outil,Niv. 1,https://static.ankama.com/dofus-touch/www/img/../../../dofus-touch/www/game/items/52/20003.w40h40.png
Le Pétrisseur,Outil,Niv. 1,https://static.ankama.com/dofus-touch/www/img/../../../dofus-touch/www/game/items/52/20001.w40h40.png
L'aiguille à Tricoter,Outil,Niv. 1,https://static.ankama.com/dofus-touch/www/img/../../../dofus-touch/www/game/items/52/20008.w40h40.png
Canne à Pêche Téléscopique,Outil,Niv. 1,https://static.ankama.com/dofus-touch/www/img/../../../dofus-touch/www/game/items/52/20008.w40h40.png
Pelle Chasseuse,Outil,Niv. 1,https://static.ankama.com/dofus-touch/www/img/../../../dofus-touch/www/game/items/52/20009.w40h40.png
Arc de Chasse,Outil,Niv. 1,https://static.ankama.com/dofus-touch/www/img/../../../dofus-touch/www/game/items/52/20010.w40h40.png
Bouquet de Roses démoniaques,Épée,Niv. 1,https://static.ankama.com/dofus-touch/www/img/../../../dofus-touch/www/game/items/52/6047.w40h40.png
