category,nom,type,niveau,image_url
armes,Marteau Goule,Marteau,Niv. 200,https://static.ankama.com/dofus-touch/www/img/../../../dofus-touch/www/game/items/52/170315.w40h40.png
armes,"Izusu, la pelle Endormie",Arme Légendaire,Niv. 200,https://static.ankama.com/dofus-touch/www/img/../../../dofus-touch/www/game/items/52/171725.w40h40.png
armes,Serpe Aigrie,Pelle,Niv. 200,https://static.ankama.com/dofus-touch/www/img/../../../dofus-touch/www/game/items/52/172160.w40h40.png
armes,Hache Euvale,Hache,Niv. 200,https://static.ankama.com/dofus-touch/www/img/../../../dofus-touch/www/game/items/52/19066.w40h40.png
armes,Arc Honte,Arc,Niv. 200,https://static.ankama.com/dofus-touch/www/img/../../../dofus-touch/www/game/items/52/2075.w40h40.png
armes,Dagues Sacrificielles,Dague,Niv. 200,https://static.ankama.com/dofus-touch/www/img/../../../dofus-touch/www/game/items/52/170756.w40h40.png
armes,Épée du Bandit Spectral,Épée,Niv. 200,https://static.ankama.com/dofus-touch/www/img/../../../dofus-touch/www/game/items/52/171091.w40h40.png
armes,Épouvante,Épée,Niv. 200,https://static.ankama.com/dofus-touch/www/img/../../../dofus-touch/www/game/items/52/171092.w40h40.png
armes,Lance corrompue,Bâton,Niv. 200,https://static.ankama.com/dofus-touch/www/img/../../../dofus-touch/www/game/items/52/171093.w40h40.png
armes,Épée du Roas'Inge,Épée,Niv. 200,https://static.ankama.com/dofus-touch/www/img/../../../dofus-touch/www/game/items/52/171148.w40h40.png
armes,Nun-Charang,Bâton,Niv. 200,https://static.ankama.com/dofus-touch/www/img/../../../dofus-touch/www/game/items/52/171519.w40h40.png
armes,"Haruka, l'arc Endormi",Arme Légendaire,Niv. 200,https://static.ankama.com/dofus-touch/www/img/../../../dofus-touch/www/game/items/52/171750.w40h40.png
armes,"Miyaji, le marteau Endormi",Arme Légendaire,Niv. 200,https://static.ankama.com/dofus-touch/www/img/../../../dofus-touch/www/game/items/52/171730.w40h40.png
armes,Hache Ériphe,Hache,Niv. 200,https://static.ankama.com/dofus-touch/www/img/../../../dofus-touch/www/game/items/52/19065.w40h40.png
armes,Sceptre du Shushuverain,Baguette,Niv. 200,https://static.ankama.com/dofus-touch/www/img/../../../dofus-touch/www/game/items/52/170724.w40h40.png
armes,Harpelle,Pelle,Niv. 200,https://static.ankama.com/dofus-touch/www/img/../../../dofus-touch/www/game/items/52/170871.w40h40.png
armes,Marteau Submergé,Marteau,Niv. 200,https://static.ankama.com/dofus-touch/www/img/../../../dofus-touch/www/game/items/52/171094.w40h40.png
armes,Arc de Koutoulou,Arc,Niv. 200,https://static.ankama.com/dofus-touch/www/img/../../../dofus-touch/www/game/items/52/171088.w40h40.png
armes,Bâton de Hanshi,Bâton,Niv. 200,https://static.ankama.com/dofus-touch/www/img/../../../dofus-touch/www/game/items/52/171521.w40h40.png
armes,Éventails de Shihan,Dague,Niv. 200,https://static.ankama.com/dofus-touch/www/img/../../../dofus-touch/www/game/items/52/171522.w40h40.png
armes,"Suko, l'épée Endormie",Arme Légendaire,Niv. 200,https://static.ankama.com/dofus-touch/www/img/../../../dofus-touch/www/game/items/52/171735.w40h40.png
armes,Doleau de Ragnaroche,Hache,Niv. 200,https://static.ankama.com/dofus-touch/www/img/../../../dofus-touch/www/game/items/52/172124.w40h40.png
armes,Dagues Érhy,Dague,Niv. 200,https://static.ankama.com/dofus-touch/www/img/../../../dofus-touch/www/game/items/52/5087.w40h40.png
armes,Pelle de la Corporation,Pelle,Niv. 200,https://static.ankama.com/dofus-touch/www/img/../../../dofus-touch/www/game/items/52/170663.w40h40.png
armes,"Kinuro, le bâton Endormi",Arme Légendaire,Niv. 200,https://static.ankama.com/dofus-touch/www/img/../../../dofus-touch/www/game/items/52/171755.w40h40.png
armes,"Momako, les dagues Endormies",Arme Légendaire,Niv. 200,https://static.ankama.com/dofus-touch/www/img/../../../dofus-touch/www/game/items/52/171760.w40h40.png
armes,"Numezawa, la baguette Endormie",Arme Légendaire,Niv. 200,https://static.ankama.com/dofus-touch/www/img/../../../dofus-touch/www/game/items/52/171740.w40h40.png
armes,Arc de Wulan,Arc,Niv. 200,https://static.ankama.com/dofus-touch/www/img/../../../dofus-touch/www/game/items/52/172136.w40h40.png
armes,Lame Usicke,Hache,Niv. 200,https://static.ankama.com/dofus-touch/www/img/../../../dofus-touch/www/game/items/52/19038.w40h40.png
armes,Faux Maudite du Saigneur Guerrier,Faux,Niv. 200,https://static.ankama.com/dofus-touch/www/img/../../../dofus-touch/www/game/items/52/22003.w40h40.png
armes,Epée Maudite du Saigneur Guerrier,Épée,Niv. 200,https://static.ankama.com/dofus-touch/www/img/../../../dofus-touch/www/game/items/52/6083.w40h40.png
armes,Épée du Granduk,Épée,Niv. 200,https://static.ankama.com/dofus-touch/www/img/../../../dofus-touch/www/game/items/52/6721.w40h40.png
armes,Arc corrompu,Arc,Niv. 200,https://static.ankama.com/dofus-touch/www/img/../../../dofus-touch/www/game/items/52/170635.w40h40.png
armes,Tranche Goule,Épée,Niv. 200,https://static.ankama.com/dofus-touch/www/img/../../../dofus-touch/www/game/items/52/170644.w40h40.png
armes,Crocouteaux,Hache,Niv. 200,https://static.ankama.com/dofus-touch/www/img/../../../dofus-touch/www/game/items/52/170725.w40h40.png
armes,Sceptre du Roi Allister,Bâton,Niv. 200,https://static.ankama.com/dofus-touch/www/img/../../../dofus-touch/www/game/items/52/170873.w40h40.png
armes,Baguette Range,Baguette,Niv. 200,https://static.ankama.com/dofus-touch/www/img/../../../dofus-touch/www/game/items/52/171089.w40h40.png
armes,"Heiji, la hache Endormie",Arme Légendaire,Niv. 200,https://static.ankama.com/dofus-touch/www/img/../../../dofus-touch/www/game/items/52/171745.w40h40.png
armes,Tonfas de Barbéryl,Dague,Niv. 200,https://static.ankama.com/dofus-touch/www/img/../../../dofus-touch/www/game/items/52/172164.w40h40.png
armes,Pelle Vice,Pelle,Niv. 199,https://static.ankama.com/dofus-touch/www/img/../../../dofus-touch/www/game/items/52/8068.w40h40.png
armes,Epée Gloursonne,Épée,Niv. 199,https://static.ankama.com/dofus-touch/www/img/../../../dofus-touch/www/game/items/52/6111.w40h40.png
armes,Masse Ossiale,Marteau,Niv. 199,https://static.ankama.com/dofus-touch/www/img/../../../dofus-touch/www/game/items/52/7728.w40h40.png
armes,Dagues Ricol,Dague,Niv. 198,https://static.ankama.com/dofus-touch/www/img/../../../dofus-touch/www/game/items/52/5086.w40h40.png
armes,Bâtonnet Ronien,Baguette,Niv. 198,https://static.ankama.com/dofus-touch/www/img/../../../dofus-touch/www/game/items/52/3080.w40h40.png
armes,Rapière aux Glyphes,Épée,Niv. 197,https://static.ankama.com/dofus-touch/www/img/../../../dofus-touch/www/game/items/52/6722.w40h40.png
armes,Dague Hirr,Dague,Niv. 197,https://static.ankama.com/dofus-touch/www/img/../../../dofus-touch/www/game/items/52/5081.w40h40.png
armes,Canne Harr,Bâton,Niv. 197,https://static.ankama.com/dofus-touch/www/img/../../../dofus-touch/www/game/items/52/4114.w40h40.png
armes,Marteau de Barbéryl,Marteau,Niv. 197,https://static.ankama.com/dofus-touch/www/img/../../../dofus-touch/www/game/items/52/172161.w40h40.png
armes,Bêche Asse,Pelle,Niv. 197,https://static.ankama.com/dofus-touch/www/img/../../../dofus-touch/www/game/items/52/8067.w40h40.png
armes,Épée d'Otomaï,Épée,Niv. 196,https://static.ankama.com/dofus-touch/www/img/../../../dofus-touch/www/game/items/52/6719.w40h40.png
armes,Dagoulinantes,Dague,Niv. 196,https://static.ankama.com/dofus-touch/www/img/../../../dofus-touch/www/game/items/52/171090.w40h40.png
armes,Epée Toche,Épée,Niv. 196,https://static.ankama.com/dofus-touch/www/img/../../../dofus-touch/www/game/items/52/6106.w40h40.png
armes,Arc Ahique,Arc,Niv. 196,https://static.ankama.com/dofus-touch/www/img/../../../dofus-touch/www/game/items/52/2071.w40h40.png
armes,Marteau du Glouragan,Marteau,Niv. 195,https://static.ankama.com/dofus-touch/www/img/../../../dofus-touch/www/game/items/52/7080.w40h40.png
armes,Bâton Brageut,Bâton,Niv. 195,https://static.ankama.com/dofus-touch/www/img/../../../dofus-touch/www/game/items/52/4102.w40h40.png
armes,Rouleau à Pâtisserie d'Aermyne,Bâton,Niv. 194,https://static.ankama.com/dofus-touch/www/img/../../../dofus-touch/www/game/items/52/4113.w40h40.png
armes,Pelle Fik,Pelle,Niv. 194,https://static.ankama.com/dofus-touch/www/img/../../../dofus-touch/www/game/items/52/8060.w40h40.png
armes,Marteau d'Henual,Marteau,Niv. 194,https://static.ankama.com/dofus-touch/www/img/../../../dofus-touch/www/game/items/52/7727.w40h40.png
armes,Bâton Beau,Bâton,Niv. 194,https://static.ankama.com/dofus-touch/www/img/../../../dofus-touch/www/game/items/52/4115.w40h40.png
armes,Baguette Hique,Baguette,Niv. 193,https://static.ankama.com/dofus-touch/www/img/../../../dofus-touch/www/game/items/52/3077.w40h40.png
armes,Hache Rot,Hache,Niv. 192,https://static.ankama.com/dofus-touch/www/img/../../../dofus-touch/www/game/items/52/19067.w40h40.png
armes,Grésilosceptre,Bâton,Niv. 192,https://static.ankama.com/dofus-touch/www/img/../../../dofus-touch/www/game/items/52/4094.w40h40.png
armes,Bâton Champmanique,Bâton,Niv. 191,https://static.ankama.com/dofus-touch/www/img/../../../dofus-touch/www/game/items/52/4080.w40h40.png
armes,Pelle Emélaka,Pelle,Niv. 191,https://static.ankama.com/dofus-touch/www/img/../../../dofus-touch/www/game/items/52/8051.w40h40.png
armes,Pelle du Professeur Xa,Pelle,Niv. 191,https://static.ankama.com/dofus-touch/www/img/../../../dofus-touch/www/game/items/52/8063.w40h40.png
armes,Hache Téroïde,Hache,Niv. 190,https://static.ankama.com/dofus-touch/www/img/../../../dofus-touch/www/game/items/52/19063.w40h40.png
armes,Hache du Korriandre,Hache,Niv. 188,https://static.ankama.com/dofus-touch/www/img/../../../dofus-touch/www/game/items/52/19061.w40h40.png
armes,Bâton Brelle,Bâton,Niv. 188,https://static.ankama.com/dofus-touch/www/img/../../../dofus-touch/www/game/items/52/4100.w40h40.png
armes,Couteaux à Champignons,Dague,Niv. 187,https://static.ankama.com/dofus-touch/www/img/../../../dofus-touch/www/game/items/52/5069.w40h40.png
armes,Marteau Reine,Marteau,Niv. 187,https://static.ankama.com/dofus-touch/www/img/../../../dofus-touch/www/game/items/52/7081.w40h40.png
armes,Baguette Hernelle,Baguette,Niv. 187,https://static.ankama.com/dofus-touch/www/img/../../../dofus-touch/www/game/items/52/3076.w40h40.png
armes,Rhizome du Tynril,Bâton,Niv. 186,https://static.ankama.com/dofus-touch/www/img/../../../dofus-touch/www/game/items/52/4077.w40h40.png
armes,Arc Oleptik,Arc,Niv. 185,https://static.ankama.com/dofus-touch/www/img/../../../dofus-touch/www/game/items/52/2060.w40h40.png
armes,Hache Hélème,Hache,Niv. 185,https://static.ankama.com/dofus-touch/www/img/../../../dofus-touch/www/game/items/52/19064.w40h40.png
armes,Baguetterelle,Baguette,Niv. 184,https://static.ankama.com/dofus-touch/www/img/../../../dofus-touch/www/game/items/52/3066.w40h40.png
armes,Epée Loponèze,Épée,Niv. 184,https://static.ankama.com/dofus-touch/www/img/../../../dofus-touch/www/game/items/52/6085.w40h40.png
armes,Arc Hétype,Arc,Niv. 184,https://static.ankama.com/dofus-touch/www/img/../../../dofus-touch/www/game/items/52/2073.w40h40.png
armes,Epée Kari,Épée,Niv. 184,https://static.ankama.com/dofus-touch/www/img/../../../dofus-touch/www/game/items/52/6105.w40h40.png
armes,Dagues Açantes,Dague,Niv. 183,https://static.ankama.com/dofus-touch/www/img/../../../dofus-touch/www/game/items/52/5080.w40h40.png
armes,Arc à Lamelles,Arc,Niv. 183,https://static.ankama.com/dofus-touch/www/img/../../../dofus-touch/www/game/items/52/2061.w40h40.png
armes,Az'tech,Épée,Niv. 182,https://static.ankama.com/dofus-touch/www/img/../../../dofus-touch/www/game/items/52/6079.w40h40.png
armes,Lame Assacre,Dague,Niv. 182,https://static.ankama.com/dofus-touch/www/img/../../../dofus-touch/www/game/items/52/5070.w40h40.png
armes,Pelle Vétik,Pelle,Niv. 181,https://static.ankama.com/dofus-touch/www/img/../../../dofus-touch/www/game/items/52/8061.w40h40.png
armes,Kwache,Hache,Niv. 180,https://static.ankama.com/dofus-touch/www/img/../../../dofus-touch/www/game/items/52/171514.w40h40.png
armes,Ougarteau,Marteau,Niv. 180,https://static.ankama.com/dofus-touch/www/img/../../../dofus-touch/www/game/items/52/7067.w40h40.png
armes,Kukri Kura,Épée,Niv. 179,https://static.ankama.com/dofus-touch/www/img/../../../dofus-touch/www/game/items/52/6080.w40h40.png
armes,Marteau Minokers,Marteau,Niv. 178,https://static.ankama.com/dofus-touch/www/img/../../../dofus-touch/www/game/items/52/7062.w40h40.png
armes,Pelle Dorado,Pelle,Niv. 178,https://static.ankama.com/dofus-touch/www/img/../../../dofus-touch/www/game/items/52/8058.w40h40.png
armes,Epée Kadille,Épée,Niv. 177,https://static.ankama.com/dofus-touch/www/img/../../../dofus-touch/www/game/items/52/6107.w40h40.png
armes,Baguette Nolog,Baguette,Niv. 177,https://static.ankama.com/dofus-touch/www/img/../../../dofus-touch/www/game/items/52/3075.w40h40.png
armes,L'Épée Nice,Épée,Niv. 177,https://static.ankama.com/dofus-touch/www/img/../../../dofus-touch/www/game/items/52/6076.w40h40.png
armes,Rod Gerse,Bâton,Niv. 176,https://static.ankama.com/dofus-touch/www/img/../../../dofus-touch/www/game/items/52/4059.w40h40.png
armes,Hache à Lamelles,Hache,Niv. 176,https://static.ankama.com/dofus-touch/www/img/../../../dofus-touch/www/game/items/52/19051.w40h40.png
armes,Dagues Imauve,Dague,Niv. 176,https://static.ankama.com/dofus-touch/www/img/../../../dofus-touch/www/game/items/52/5079.w40h40.png
armes,Dague Adou,Dague,Niv. 175,https://static.ankama.com/dofus-touch/www/img/../../../dofus-touch/www/game/items/52/5065.w40h40.png
armes,Arc Ontanporin,Arc,Niv. 175,https://static.ankama.com/dofus-touch/www/img/../../../dofus-touch/www/game/items/52/2072.w40h40.png
armes,Baguette Bainkuite,Baguette,Niv. 175,https://static.ankama.com/dofus-touch/www/img/../../../dofus-touch/www/game/items/52/171516.w40h40.png
armes,Arc de Guten Tak,Arc,Niv. 173,https://static.ankama.com/dofus-touch/www/img/../../../dofus-touch/www/game/items/52/2074.w40h40.png
armes,Marteau Racle,Marteau,Niv. 173,https://static.ankama.com/dofus-touch/www/img/../../../dofus-touch/www/game/items/52/7079.w40h40.png
armes,Le Thanos,Bâton,Niv. 172,https://static.ankama.com/dofus-touch/www/img/../../../dofus-touch/www/game/items/52/4101.w40h40.png
armes,La Bêche à Mel,Pelle,Niv. 172,https://static.ankama.com/dofus-touch/www/img/../../../dofus-touch/www/game/items/52/8048.w40h40.png
armes,Baguette du Chêne Mou,Baguette,Niv. 172,https://static.ankama.com/dofus-touch/www/img/../../../dofus-touch/www/game/items/52/3042.w40h40.png
armes,Dagues Eudin,Dague,Niv. 171,https://static.ankama.com/dofus-touch/www/img/../../../dofus-touch/www/game/items/52/5066.w40h40.png
armes,Hache Achinecride,Hache,Niv. 170,https://static.ankama.com/dofus-touch/www/img/../../../dofus-touch/www/game/items/52/19062.w40h40.png
armes,Lance Horselé,Bâton,Niv. 170,https://static.ankama.com/dofus-touch/www/img/../../../dofus-touch/www/game/items/52/171027.w40h40.png
armes,Bâton des Prophètes,Bâton,Niv. 169,https://static.ankama.com/dofus-touch/www/img/../../../dofus-touch/www/game/items/52/4105.w40h40.png
armes,L'Epée Rilleuse,Épée,Niv. 169,https://static.ankama.com/dofus-touch/www/img/../../../dofus-touch/www/game/items/52/6066.w40h40.png
armes,Baguette Héroclite,Baguette,Niv. 168,https://static.ankama.com/dofus-touch/www/img/../../../dofus-touch/www/game/items/52/171026.w40h40.png
armes,Arc Tangente,Arc,Niv. 167,https://static.ankama.com/dofus-touch/www/img/../../../dofus-touch/www/game/items/52/2069.w40h40.png
armes,Marteau R'Gnole,Marteau,Niv. 166,https://static.ankama.com/dofus-touch/www/img/../../../dofus-touch/www/game/items/52/7077.w40h40.png
armes,Canne Hassukre,Bâton,Niv. 165,https://static.ankama.com/dofus-touch/www/img/../../../dofus-touch/www/game/items/52/4111.w40h40.png
armes,Épée du saigneur de vampires,Épée,Niv. 165,https://static.ankama.com/dofus-touch/www/img/../../../dofus-touch/www/game/items/52/170643.w40h40.png
armes,Canne Hassukre Édulcorée,Bâton,Niv. 165,https://static.ankama.com/dofus-touch/www/img/../../../dofus-touch/www/game/items/52/4111.w40h40.png
armes,Youyettes,Dague,Niv. 164,https://static.ankama.com/dofus-touch/www/img/../../../dofus-touch/www/game/items/52/5077.w40h40.png
armes,Fuschia,Épée,Niv. 163,https://static.ankama.com/dofus-touch/www/img/../../../dofus-touch/www/game/items/52/6078.w40h40.png
armes,Baguette Hernuement,Baguette,Niv. 163,https://static.ankama.com/dofus-touch/www/img/../../../dofus-touch/www/game/items/52/3074.w40h40.png
armes,Hache Sueur Rance,Hache,Niv. 162,https://static.ankama.com/dofus-touch/www/img/../../../dofus-touch/www/game/items/52/19049.w40h40.png
armes,Bâton K'Tueuh,Bâton,Niv. 161,https://static.ankama.com/dofus-touch/www/img/../../../dofus-touch/www/game/items/52/4097.w40h40.png
armes,Karnak,Épée,Niv. 158,https://static.ankama.com/dofus-touch/www/img/../../../dofus-touch/www/game/items/52/6060.w40h40.png
armes,Hache Harnée,Hache,Niv. 158,https://static.ankama.com/dofus-touch/www/img/../../../dofus-touch/www/game/items/52/19050.w40h40.png
armes,Bâton du Maître Zoth,Bâton,Niv. 158,https://static.ankama.com/dofus-touch/www/img/../../../dofus-touch/www/game/items/52/4076.w40h40.png
armes,Dagues Ruik,Dague,Niv. 158,https://static.ankama.com/dofus-touch/www/img/../../../dofus-touch/www/game/items/52/5067.w40h40.png
armes,Marteau de la Vigie Pirate,Marteau,Niv. 156,https://static.ankama.com/dofus-touch/www/img/../../../dofus-touch/www/game/items/52/7076.w40h40.png
armes,Pelle Aigante,Pelle,Niv. 156,https://static.ankama.com/dofus-touch/www/img/../../../dofus-touch/www/game/items/52/8050.w40h40.png
armes,Hache Haimenu,Hache,Niv. 154,https://static.ankama.com/dofus-touch/www/img/../../../dofus-touch/www/game/items/52/19059.w40h40.png
armes,Bâton du Harpirate,Bâton,Niv. 154,https://static.ankama.com/dofus-touch/www/img/../../../dofus-touch/www/game/items/52/4096.w40h40.png
armes,Hache du Fancrôme,Hache,Niv. 153,https://static.ankama.com/dofus-touch/www/img/../../../dofus-touch/www/game/items/52/19060.w40h40.png
armes,Sabre de Ben le Ripate,Épée,Niv. 152,https://static.ankama.com/dofus-touch/www/img/../../../dofus-touch/www/game/items/52/6100.w40h40.png
armes,Marteau du Juge Lou,Marteau,Niv. 152,https://static.ankama.com/dofus-touch/www/img/../../../dofus-touch/www/game/items/52/7729.w40h40.png
armes,Sceptre du Minotot,Bâton,Niv. 151,https://static.ankama.com/dofus-touch/www/img/../../../dofus-touch/www/game/items/52/4067.w40h40.png
armes,Arc à Chon,Arc,Niv. 151,https://static.ankama.com/dofus-touch/www/img/../../../dofus-touch/www/game/items/52/2059.w40h40.png
armes,Marteau Bleuronne,Marteau,Niv. 150,https://static.ankama.com/dofus-touch/www/img/../../../dofus-touch/www/game/items/52/7053.w40h40.png
armes,Dagues Lassay,Dague,Niv. 150,https://static.ankama.com/dofus-touch/www/img/../../../dofus-touch/www/game/items/52/5044.w40h40.png
armes,Kriss Toubal,Dague,Niv. 149,https://static.ankama.com/dofus-touch/www/img/../../../dofus-touch/www/game/items/52/5068.w40h40.png
armes,Baguette de Frigostine,Baguette,Niv. 149,https://static.ankama.com/dofus-touch/www/img/../../../dofus-touch/www/game/items/52/3078.w40h40.png
armes,Pelle Tonedjone,Pelle,Niv. 147,https://static.ankama.com/dofus-touch/www/img/../../../dofus-touch/www/game/items/52/8057.w40h40.png
armes,La Xyothine,Baguette,Niv. 145,https://static.ankama.com/dofus-touch/www/img/../../../dofus-touch/www/game/items/52/3053.w40h40.png
armes,Sabre Heutelle,Épée,Niv. 145,https://static.ankama.com/dofus-touch/www/img/../../../dofus-touch/www/game/items/52/6101.w40h40.png
armes,Griffe Pourpre,Épée,Niv. 145,https://static.ankama.com/dofus-touch/www/img/../../../dofus-touch/www/game/items/52/6072.w40h40.png
armes,Racine de Floribonde,Bâton,Niv. 144,https://static.ankama.com/dofus-touch/www/img/../../../dofus-touch/www/game/items/52/4079.w40h40.png
armes,Dagues Réceuses,Dague,Niv. 143,https://static.ankama.com/dofus-touch/www/img/../../../dofus-touch/www/game/items/52/5047.w40h40.png
armes,Marteau Lahre,Marteau,Niv. 143,https://static.ankama.com/dofus-touch/www/img/../../../dofus-touch/www/game/items/52/7047.w40h40.png
armes,Le Sabre Ayassalama,Épée,Niv. 143,https://static.ankama.com/dofus-touch/www/img/../../../dofus-touch/www/game/items/52/6067.w40h40.png
armes,Glaive tiède,Épée,Niv. 143,https://static.ankama.com/dofus-touch/www/img/../../../dofus-touch/www/game/items/52/170733.w40h40.png
armes,Arc Hisedaisange,Arc,Niv. 143,https://static.ankama.com/dofus-touch/www/img/../../../dofus-touch/www/game/items/52/2048.w40h40.png
armes,Racine Cithi,Bâton,Niv. 143,https://static.ankama.com/dofus-touch/www/img/../../../dofus-touch/www/game/items/52/4053.w40h40.png
armes,Pelle Rhon,Pelle,Niv. 142,https://static.ankama.com/dofus-touch/www/img/../../../dofus-touch/www/game/items/52/8041.w40h40.png
armes,Bâton du Chêne Mou,Bâton,Niv. 140,https://static.ankama.com/dofus-touch/www/img/../../../dofus-touch/www/game/items/52/170636.w40h40.png
armes,Marteau Mawoque,Marteau,Niv. 140,https://static.ankama.com/dofus-touch/www/img/../../../dofus-touch/www/game/items/52/7056.w40h40.png
armes,Hache du Guerrier Zoth,Hache,Niv. 139,https://static.ankama.com/dofus-touch/www/img/../../../dofus-touch/www/game/items/52/19047.w40h40.png
armes,Baguette Iots,Baguette,Niv. 138,https://static.ankama.com/dofus-touch/www/img/../../../dofus-touch/www/game/items/52/3057.w40h40.png
armes,Racine de Fécorce,Bâton,Niv. 138,https://static.ankama.com/dofus-touch/www/img/../../../dofus-touch/www/game/items/52/4078.w40h40.png
armes,Poolache,Hache,Niv. 137,https://static.ankama.com/dofus-touch/www/img/../../../dofus-touch/www/game/items/52/19048.w40h40.png
armes,Pelle Shattkitou,Pelle,Niv. 137,https://static.ankama.com/dofus-touch/www/img/../../../dofus-touch/www/game/items/52/8049.w40h40.png
armes,Marteau Pinière,Marteau,Niv. 135,https://static.ankama.com/dofus-touch/www/img/../../../dofus-touch/www/game/items/52/7052.w40h40.png
armes,Les Dagues du Bouwin,Dague,Niv. 135,https://static.ankama.com/dofus-touch/www/img/../../../dofus-touch/www/game/items/52/5056.w40h40.png
armes,Glaive Icération,Épée,Niv. 135,https://static.ankama.com/dofus-touch/www/img/../../../dofus-touch/www/game/items/52/6063.w40h40.png
armes,La Canne Bière,Bâton,Niv. 134,https://static.ankama.com/dofus-touch/www/img/../../../dofus-touch/www/game/items/52/4065.w40h40.png
armes,Baguette du Grand Glucid,Baguette,Niv. 134,https://static.ankama.com/dofus-touch/www/img/../../../dofus-touch/www/game/items/52/3079.w40h40.png
armes,Branche de l'Abrakleur clair,Baguette,Niv. 132,https://static.ankama.com/dofus-touch/www/img/../../../dofus-touch/www/game/items/52/3065.w40h40.png
armes,Marteau de la Gamine Zoth,Marteau,Niv. 132,https://static.ankama.com/dofus-touch/www/img/../../../dofus-touch/www/game/items/52/7064.w40h40.png
armes,Pelle à Gâteau,Pelle,Niv. 131,https://static.ankama.com/dofus-touch/www/img/../../../dofus-touch/www/game/items/52/8043.w40h40.png
armes,Arc Lavoine,Arc,Niv. 130,https://static.ankama.com/dofus-touch/www/img/../../../dofus-touch/www/game/items/52/2046.w40h40.png
armes,Bâton du Shamansot,Bâton,Niv. 130,https://static.ankama.com/dofus-touch/www/img/../../../dofus-touch/www/game/items/52/4095.w40h40.png
armes,Kelinobranche,Bâton,Niv. 129,https://static.ankama.com/dofus-touch/www/img/../../../dofus-touch/www/game/items/52/4038.w40h40.png
armes,Arc Chtelion,Arc,Niv. 129,https://static.ankama.com/dofus-touch/www/img/../../../dofus-touch/www/game/items/52/2054.w40h40.png
armes,Marteau Xiko,Marteau,Niv. 129,https://static.ankama.com/dofus-touch/www/img/../../../dofus-touch/www/game/items/52/7057.w40h40.png
armes,Le Fendoir Tichaud,Hache,Niv. 128,https://static.ankama.com/dofus-touch/www/img/../../../dofus-touch/www/game/items/52/19041.w40h40.png
armes,Dagues du Dragoeuf,Dague,Niv. 128,https://static.ankama.com/dofus-touch/www/img/../../../dofus-touch/www/game/items/52/5058.w40h40.png
armes,Baguette Gyver,Baguette,Niv. 128,https://static.ankama.com/dofus-touch/www/img/../../../dofus-touch/www/game/items/52/3056.w40h40.png
armes,Epée du Dragoeuf,Épée,Niv. 127,https://static.ankama.com/dofus-touch/www/img/../../../dofus-touch/www/game/items/52/6068.w40h40.png
armes,Baguette Ourderie,Baguette,Niv. 127,https://static.ankama.com/dofus-touch/www/img/../../../dofus-touch/www/game/items/52/3047.w40h40.png
armes,Sertisseur de Ramougre,Dague,Niv. 127,https://static.ankama.com/dofus-touch/www/img/../../../dofus-touch/www/game/items/52/5049.w40h40.png
armes,Pelle Dragoeuf,Pelle,Niv. 127,https://static.ankama.com/dofus-touch/www/img/../../../dofus-touch/www/game/items/52/8045.w40h40.png
armes,Baguette Houalle,Baguette,Niv. 126,https://static.ankama.com/dofus-touch/www/img/../../../dofus-touch/www/game/items/52/3055.w40h40.png
armes,Hache du Dragoeuf,Hache,Niv. 126,https://static.ankama.com/dofus-touch/www/img/../../../dofus-touch/www/game/items/52/19043.w40h40.png
armes,Epée du Dark Vlad,Épée,Niv. 126,https://static.ankama.com/dofus-touch/www/img/../../../dofus-touch/www/game/items/52/6061.w40h40.png
armes,Marteau Hubohu,Marteau,Niv. 126,https://static.ankama.com/dofus-touch/www/img/../../../dofus-touch/www/game/items/52/7051.w40h40.png
armes,Bâton Fracass,Bâton,Niv. 126,https://static.ankama.com/dofus-touch/www/img/../../../dofus-touch/www/game/items/52/4116.w40h40.png
armes,Masse du Corailleur Magistral,Marteau,Niv. 125,https://static.ankama.com/dofus-touch/www/img/../../../dofus-touch/www/game/items/52/7063.w40h40.png
armes,Couteau de Mer,Dague,Niv. 124,https://static.ankama.com/dofus-touch/www/img/../../../dofus-touch/www/game/items/52/5085.w40h40.png
armes,Marteau Ksain,Marteau,Niv. 124,https://static.ankama.com/dofus-touch/www/img/../../../dofus-touch/www/game/items/52/7049.w40h40.png
armes,Baguette du Dragoeuf,Baguette,Niv. 124,https://static.ankama.com/dofus-touch/www/img/../../../dofus-touch/www/game/items/52/3060.w40h40.png
armes,Arc Huledela,Arc,Niv. 124,https://static.ankama.com/dofus-touch/www/img/../../../dofus-touch/www/game/items/52/2047.w40h40.png
armes,Bâton du Dragoeuf,Bâton,Niv. 124,https://static.ankama.com/dofus-touch/www/img/../../../dofus-touch/www/game/items/52/4066.w40h40.png
armes,Marteau du Dragoeuf,Marteau,Niv. 123,https://static.ankama.com/dofus-touch/www/img/../../../dofus-touch/www/game/items/52/7059.w40h40.png
armes,Mourtheau,Marteau,Niv. 123,https://static.ankama.com/dofus-touch/www/img/../../../dofus-touch/www/game/items/52/7084.w40h40.png
armes,Arc du Dragoeuf,Arc,Niv. 122,https://static.ankama.com/dofus-touch/www/img/../../../dofus-touch/www/game/items/52/2055.w40h40.png
armes,Kask'Arc Go,Arc,Niv. 122,https://static.ankama.com/dofus-touch/www/img/../../../dofus-touch/www/game/items/52/2058.w40h40.png
armes,Arc Rainier,Arc,Niv. 121,https://static.ankama.com/dofus-touch/www/img/../../../dofus-touch/www/game/items/52/2053.w40h40.png
armes,Pelle Hikule,Pelle,Niv. 121,https://static.ankama.com/dofus-touch/www/img/../../../dofus-touch/www/game/items/52/8036.w40h40.png
armes,Dagues R'Hoh,Dague,Niv. 121,https://static.ankama.com/dofus-touch/www/img/../../../dofus-touch/www/game/items/52/5041.w40h40.png
armes,Dague Régah,Dague,Niv. 120,https://static.ankama.com/dofus-touch/www/img/../../../dofus-touch/www/game/items/52/5034.w40h40.png
armes,Marteau R'Ticolis,Marteau,Niv. 120,https://static.ankama.com/dofus-touch/www/img/../../../dofus-touch/www/game/items/52/7040.w40h40.png
armes,Amrothiline,Baguette,Niv. 120,https://static.ankama.com/dofus-touch/www/img/../../../dofus-touch/www/game/items/52/3044.w40h40.png
armes,Arc du Chafer Archer,Arc,Niv. 120,https://static.ankama.com/dofus-touch/www/img/../../../dofus-touch/www/game/items/52/2039.w40h40.png
armes,Baguette d'Elya Wood,Baguette,Niv. 120,https://static.ankama.com/dofus-touch/www/img/../../../dofus-touch/www/game/items/52/3039.w40h40.png
armes,La Racine Hagogue,Bâton,Niv. 120,https://static.ankama.com/dofus-touch/www/img/../../../dofus-touch/www/game/items/52/4040.w40h40.png
armes,Bâton de Sangroku,Bâton,Niv. 120,https://static.ankama.com/dofus-touch/www/img/../../../dofus-touch/www/game/items/52/4047.w40h40.png
armes,Arc Hanne,Arc,Niv. 120,https://static.ankama.com/dofus-touch/www/img/../../../dofus-touch/www/game/items/52/2044.w40h40.png
armes,Pelle du Mineur Sombre,Pelle,Niv. 120,https://static.ankama.com/dofus-touch/www/img/../../../dofus-touch/www/game/items/52/8034.w40h40.png
armes,Marteau Kahr,Marteau,Niv. 120,https://static.ankama.com/dofus-touch/www/img/../../../dofus-touch/www/game/items/52/7041.w40h40.png
armes,La Racine Cinati,Bâton,Niv. 120,https://static.ankama.com/dofus-touch/www/img/../../../dofus-touch/www/game/items/52/4039.w40h40.png
armes,La Hache Menbien,Hache,Niv. 116,https://static.ankama.com/dofus-touch/www/img/../../../dofus-touch/www/game/items/52/19039.w40h40.png
armes,Pelle Moh,Pelle,Niv. 115,https://static.ankama.com/dofus-touch/www/img/../../../dofus-touch/www/game/items/52/8042.w40h40.png
armes,Bâton des Caraïbes,Bâton,Niv. 114,https://static.ankama.com/dofus-touch/www/img/../../../dofus-touch/www/game/items/52/4064.w40h40.png
armes,Dagues de l'Apprenti Tueur de Bouftons,Dague,Niv. 113,https://static.ankama.com/dofus-touch/www/img/../../../dofus-touch/www/game/items/52/5046.w40h40.png
armes,Dagues Rhumes,Dague,Niv. 113,https://static.ankama.com/dofus-touch/www/img/../../../dofus-touch/www/game/items/52/5048.w40h40.png
armes,Arc Chitecte,Arc,Niv. 113,https://static.ankama.com/dofus-touch/www/img/../../../dofus-touch/www/game/items/52/2030.w40h40.png
armes,Marteau Nairedeubrest,Marteau,Niv. 113,https://static.ankama.com/dofus-touch/www/img/../../../dofus-touch/www/game/items/52/7048.w40h40.png
armes,Bâton de Marie Aigue,Bâton,Niv. 112,https://static.ankama.com/dofus-touch/www/img/../../../dofus-touch/www/game/items/52/4030.w40h40.png
armes,La Hache Ticot,Hache,Niv. 112,https://static.ankama.com/dofus-touch/www/img/../../../dofus-touch/www/game/items/52/19040.w40h40.png
armes,Marteau Ridhe,Marteau,Niv. 112,https://static.ankama.com/dofus-touch/www/img/../../../dofus-touch/www/game/items/52/7042.w40h40.png
armes,Baguette Houffe-Craitien,Baguette,Niv. 112,https://static.ankama.com/dofus-touch/www/img/../../../dofus-touch/www/game/items/52/3046.w40h40.png
armes,Tige du Brouture,Bâton,Niv. 111,https://static.ankama.com/dofus-touch/www/img/../../../dofus-touch/www/game/items/52/4075.w40h40.png
armes,Griffe de Grizmine,Épée,Niv. 111,https://static.ankama.com/dofus-touch/www/img/../../../dofus-touch/www/game/items/52/6059.w40h40.png
armes,Bâton du Koulosse,Bâton,Niv. 110,https://static.ankama.com/dofus-touch/www/img/../../../dofus-touch/www/game/items/52/4062.w40h40.png
armes,Epée du Rat Blanc,Épée,Niv. 109,https://static.ankama.com/dofus-touch/www/img/../../../dofus-touch/www/game/items/52/6071.w40h40.png
armes,Hache du Minotoror,Hache,Niv. 109,https://static.ankama.com/dofus-touch/www/img/../../../dofus-touch/www/game/items/52/19044.w40h40.png
armes,Dagues du Rat Noir,Dague,Niv. 108,https://static.ankama.com/dofus-touch/www/img/../../../dofus-touch/www/game/items/52/5059.w40h40.png
armes,Marteau Ronto,Marteau,Niv. 107,https://static.ankama.com/dofus-touch/www/img/../../../dofus-touch/www/game/items/52/7050.w40h40.png
armes,Arc Assin,Arc,Niv. 107,https://static.ankama.com/dofus-touch/www/img/../../../dofus-touch/www/game/items/52/2045.w40h40.png
armes,Râtrouille,Pelle,Niv. 107,https://static.ankama.com/dofus-touch/www/img/../../../dofus-touch/www/game/items/52/8066.w40h40.png
armes,Marteau M'Pouce,Marteau,Niv. 107,https://static.ankama.com/dofus-touch/www/img/../../../dofus-touch/www/game/items/52/7046.w40h40.png
armes,Le Bâton Cloutay,Bâton,Niv. 107,https://static.ankama.com/dofus-touch/www/img/../../../dofus-touch/www/game/items/52/4072.w40h40.png
armes,Razoir du Soir,Épée,Niv. 106,https://static.ankama.com/dofus-touch/www/img/../../../dofus-touch/www/game/items/52/6062.w40h40.png
armes,Clef à Molette,Pelle,Niv. 106,https://static.ankama.com/dofus-touch/www/img/../../../dofus-touch/www/game/items/52/170642.w40h40.png
armes,Racine Sémilla,Bâton,Niv. 106,https://static.ankama.com/dofus-touch/www/img/../../../dofus-touch/www/game/items/52/4054.w40h40.png
armes,La Baguette des Limbes,Baguette,Niv. 105,https://static.ankama.com/dofus-touch/www/img/../../../dofus-touch/www/game/items/52/3007.w40h40.png
armes,Baguette Nah,Baguette,Niv. 105,https://static.ankama.com/dofus-touch/www/img/../../../dofus-touch/www/game/items/52/3054.w40h40.png
armes,Baguette Rhon,Baguette,Niv. 105,https://static.ankama.com/dofus-touch/www/img/../../../dofus-touch/www/game/items/52/3049.w40h40.png
armes,Racine Hécure,Bâton,Niv. 103,https://static.ankama.com/dofus-touch/www/img/../../../dofus-touch/www/game/items/52/4057.w40h40.png
armes,Racine Hécouanone,Bâton,Niv. 103,https://static.ankama.com/dofus-touch/www/img/../../../dofus-touch/www/game/items/52/4060.w40h40.png
armes,Lame du Chef Bwork,Épée,Niv. 100,https://static.ankama.com/dofus-touch/www/img/../../../dofus-touch/www/game/items/52/6048.w40h40.png
armes,Inferno,Épée,Niv. 100,https://static.ankama.com/dofus-touch/www/img/../../../dofus-touch/www/game/items/52/6108.w40h40.png
armes,Styx,Pelle,Niv. 100,https://static.ankama.com/dofus-touch/www/img/../../../dofus-touch/www/game/items/52/8062.w40h40.png
armes,Mandrin,Marteau,Niv. 100,https://static.ankama.com/dofus-touch/www/img/../../../dofus-touch/www/game/items/52/7082.w40h40.png
armes,Will Killson,Dague,Niv. 100,https://static.ankama.com/dofus-touch/www/img/../../../dofus-touch/www/game/items/52/5082.w40h40.png
armes,Dagues Maydhyn China,Dague,Niv. 100,https://static.ankama.com/dofus-touch/www/img/../../../dofus-touch/www/game/items/52/5045.w40h40.png
armes,Marteau Réhadaure,Marteau,Niv. 100,https://static.ankama.com/dofus-touch/www/img/../../../dofus-touch/www/game/items/52/7037.w40h40.png
armes,Griffe Rose,Épée,Niv. 100,https://static.ankama.com/dofus-touch/www/img/../../../dofus-touch/www/game/items/52/6041.w40h40.png
armes,Halle de Barde,Hache,Niv. 99,https://static.ankama.com/dofus-touch/www/img/../../../dofus-touch/www/game/items/52/19007.w40h40.png
armes,Canne de Mamie Bonbon,Bâton,Niv. 98,https://static.ankama.com/dofus-touch/www/img/../../../dofus-touch/www/game/items/52/4048.w40h40.png
armes,Hache du Yondanwa,Hache,Niv. 98,https://static.ankama.com/dofus-touch/www/img/../../../dofus-touch/www/game/items/52/19034.w40h40.png
armes,Branche de l'Abrakleur sombre,Baguette,Niv. 97,https://static.ankama.com/dofus-touch/www/img/../../../dofus-touch/www/game/items/52/3064.w40h40.png
armes,Epée Doncule,Épée,Niv. 97,https://static.ankama.com/dofus-touch/www/img/../../../dofus-touch/www/game/items/52/6073.w40h40.png
armes,Hache de Lookabeer,Hache,Niv. 96,https://static.ankama.com/dofus-touch/www/img/../../../dofus-touch/www/game/items/52/19008.w40h40.png
armes,Fourbasse-Ton,Bâton,Niv. 96,https://static.ankama.com/dofus-touch/www/img/../../../dofus-touch/www/game/items/52/4044.w40h40.png
armes,Arc Anum,Arc,Niv. 96,https://static.ankama.com/dofus-touch/www/img/../../../dofus-touch/www/game/items/52/2049.w40h40.png
armes,Epée qui Pète,Épée,Niv. 95,https://static.ankama.com/dofus-touch/www/img/../../../dofus-touch/www/game/items/52/6075.w40h40.png
armes,Baguette Velue,Baguette,Niv. 95,https://static.ankama.com/dofus-touch/www/img/../../../dofus-touch/www/game/items/52/3031.w40h40.png
armes,Fausse Griffe de Ceangal,Épée,Niv. 95,https://static.ankama.com/dofus-touch/www/img/../../../dofus-touch/www/game/items/52/6035.w40h40.png
armes,Bâton du Féca,Bâton,Niv. 94,https://static.ankama.com/dofus-touch/www/img/../../../dofus-touch/www/game/items/52/4042.w40h40.png
armes,Pelle Hébuse,Pelle,Niv. 94,https://static.ankama.com/dofus-touch/www/img/../../../dofus-touch/www/game/items/52/8004.w40h40.png
armes,Fendeuse d'Abraknyde Ancestral,Hache,Niv. 93,https://static.ankama.com/dofus-touch/www/img/../../../dofus-touch/www/game/items/52/19013.w40h40.png
armes,Bâton du Yondanwa,Bâton,Niv. 93,https://static.ankama.com/dofus-touch/www/img/../../../dofus-touch/www/game/items/52/4052.w40h40.png
armes,Sabre Yondanwa,Épée,Niv. 92,https://static.ankama.com/dofus-touch/www/img/../../../dofus-touch/www/game/items/52/6058.w40h40.png
armes,Dague Rafeuse,Dague,Niv. 91,https://static.ankama.com/dofus-touch/www/img/../../../dofus-touch/www/game/items/52/5033.w40h40.png
armes,Dague Lutination,Dague,Niv. 90,https://static.ankama.com/dofus-touch/www/img/../../../dofus-touch/www/game/items/52/5035.w40h40.png
armes,Baguette Irréelle,Baguette,Niv. 90,https://static.ankama.com/dofus-touch/www/img/../../../dofus-touch/www/game/items/52/3032.w40h40.png
armes,Marteau de la Terps,Marteau,Niv. 90,https://static.ankama.com/dofus-touch/www/img/../../../dofus-touch/www/game/items/52/7038.w40h40.png
armes,Hache de Dame Oise,Hache,Niv. 89,https://static.ankama.com/dofus-touch/www/img/../../../dofus-touch/www/game/items/52/19005.w40h40.png
armes,Arc du Sram Archer,Arc,Niv. 89,https://static.ankama.com/dofus-touch/www/img/../../../dofus-touch/www/game/items/52/2040.w40h40.png
armes,Pelle Rinage,Pelle,Niv. 88,https://static.ankama.com/dofus-touch/www/img/../../../dofus-touch/www/game/items/52/8004.w40h40.png
armes,Pelle Mairhe,Pelle,Niv. 88,https://static.ankama.com/dofus-touch/www/img/../../../dofus-touch/www/game/items/52/8037.w40h40.png
armes,Racine Huzohide,Bâton,Niv. 88,https://static.ankama.com/dofus-touch/www/img/../../../dofus-touch/www/game/items/52/4055.w40h40.png
armes,Bâton de Daïgoro,Bâton,Niv. 88,https://static.ankama.com/dofus-touch/www/img/../../../dofus-touch/www/game/items/52/4108.w40h40.png
armes,Vouge à Poisson,Hache,Niv. 87,https://static.ankama.com/dofus-touch/www/img/../../../dofus-touch/www/game/items/52/19004.w40h40.png
armes,Arc Chiduc,Arc,Niv. 87,https://static.ankama.com/dofus-touch/www/img/../../../dofus-touch/www/game/items/52/2014.w40h40.png
armes,Abraton Sombre,Bâton,Niv. 87,https://static.ankama.com/dofus-touch/www/img/../../../dofus-touch/www/game/items/52/4023.w40h40.png
armes,La Pelle Hélabète,Pelle,Niv. 86,https://static.ankama.com/dofus-touch/www/img/../../../dofus-touch/www/game/items/52/8033.w40h40.png
armes,Racine Horodon,Bâton,Niv. 86,https://static.ankama.com/dofus-touch/www/img/../../../dofus-touch/www/game/items/52/4058.w40h40.png
armes,Racine Histre,Bâton,Niv. 86,https://static.ankama.com/dofus-touch/www/img/../../../dofus-touch/www/game/items/52/4056.w40h40.png
armes,Pic à Glace,Épée,Niv. 85,https://static.ankama.com/dofus-touch/www/img/../../../dofus-touch/www/game/items/52/6014.w40h40.png
armes,La Migraine,Baguette,Niv. 85,https://static.ankama.com/dofus-touch/www/img/../../../dofus-touch/www/game/items/52/3045.w40h40.png
armes,Masse du Corailleur,Marteau,Niv. 85,https://static.ankama.com/dofus-touch/www/img/../../../dofus-touch/www/game/items/52/7065.w40h40.png
armes,Bâton du Maître des Bouftous,Bâton,Niv. 85,https://static.ankama.com/dofus-touch/www/img/../../../dofus-touch/www/game/items/52/4006.w40h40.png
armes,La Bastonneuze,Bâton,Niv. 85,https://static.ankama.com/dofus-touch/www/img/../../../dofus-touch/www/game/items/52/4073.w40h40.png
armes,Francique Basquaise,Hache,Niv. 84,https://static.ankama.com/dofus-touch/www/img/../../../dofus-touch/www/game/items/52/19001.w40h40.png
armes,Pelle Vaidaire,Pelle,Niv. 84,https://static.ankama.com/dofus-touch/www/img/../../../dofus-touch/www/game/items/52/8039.w40h40.png
armes,La Thor-Boyaux,Dague,Niv. 83,https://static.ankama.com/dofus-touch/www/img/../../../dofus-touch/www/game/items/52/5031.w40h40.png
armes,Daguette du Captain Chafer,Dague,Niv. 83,https://static.ankama.com/dofus-touch/www/img/../../../dofus-touch/www/game/items/52/5032.w40h40.png
armes,Baguette Molle,Baguette,Niv. 83,https://static.ankama.com/dofus-touch/www/img/../../../dofus-touch/www/game/items/52/3033.w40h40.png
armes,Sabre Sandanwa,Épée,Niv. 83,https://static.ankama.com/dofus-touch/www/img/../../../dofus-touch/www/game/items/52/6057.w40h40.png
armes,Hache du Sandanwa,Hache,Niv. 83,https://static.ankama.com/dofus-touch/www/img/../../../dofus-touch/www/game/items/52/19035.w40h40.png
armes,Hache Terrdala,Hache,Niv. 83,https://static.ankama.com/dofus-touch/www/img/../../../dofus-touch/www/game/items/52/19032.w40h40.png
armes,Marteau Mato,Marteau,Niv. 83,https://static.ankama.com/dofus-touch/www/img/../../../dofus-touch/www/game/items/52/7061.w40h40.png
armes,Marteau Nitruhant,Marteau,Niv. 82,https://static.ankama.com/dofus-touch/www/img/../../../dofus-touch/www/game/items/52/7043.w40h40.png
armes,Kaiser,Marteau,Niv. 82,https://static.ankama.com/dofus-touch/www/img/../../../dofus-touch/www/game/items/52/7010.w40h40.png
armes,Arc Ange,Arc,Niv. 82,https://static.ankama.com/dofus-touch/www/img/../../../dofus-touch/www/game/items/52/2031.w40h40.png
armes,Marteau du Craqueleur Légendaire,Marteau,Niv. 81,https://static.ankama.com/dofus-touch/www/img/../../../dofus-touch/www/game/items/52/7058.w40h40.png
armes,Hachette Savante,Hache,Niv. 81,https://static.ankama.com/dofus-touch/www/img/../../../dofus-touch/www/game/items/52/19004.w40h40.png
armes,Geish'Arc,Arc,Niv. 81,https://static.ankama.com/dofus-touch/www/img/../../../dofus-touch/www/game/items/52/2056.w40h40.png
armes,Marteau Fantal,Marteau,Niv. 81,https://static.ankama.com/dofus-touch/www/img/../../../dofus-touch/www/game/items/52/7036.w40h40.png
armes,Baguette Hincelle,Baguette,Niv. 81,https://static.ankama.com/dofus-touch/www/img/../../../dofus-touch/www/game/items/52/3052.w40h40.png
armes,Marteau à Torts,Marteau,Niv. 81,https://static.ankama.com/dofus-touch/www/img/../../../dofus-touch/www/game/items/52/7020.w40h40.png
armes,Bâton d'Aga Dou,Bâton,Niv. 81,https://static.ankama.com/dofus-touch/www/img/../../../dofus-touch/www/game/items/52/4031.w40h40.png
armes,Dagues Hischantes,Dague,Niv. 80,https://static.ankama.com/dofus-touch/www/img/../../../dofus-touch/www/game/items/52/5042.w40h40.png
armes,Hache Eulouh,Hache,Niv. 80,https://static.ankama.com/dofus-touch/www/img/../../../dofus-touch/www/game/items/52/19046.w40h40.png
armes,Lames Sanglantes D'Ortimus Contrari,Dague,Niv. 80,https://static.ankama.com/dofus-touch/www/img/../../../dofus-touch/www/game/items/52/5019.w40h40.png
armes,La Pelle du Large,Pelle,Niv. 80,https://static.ankama.com/dofus-touch/www/img/../../../dofus-touch/www/game/items/52/8011.w40h40.png
armes,Baguette Affeulante,Baguette,Niv. 80,https://static.ankama.com/dofus-touch/www/img/../../../dofus-touch/www/game/items/52/3024.w40h40.png
armes,Arc Boutant,Arc,Niv. 80,https://static.ankama.com/dofus-touch/www/img/../../../dofus-touch/www/game/items/52/2013.w40h40.png
armes,Bâton de Shika,Bâton,Niv. 80,https://static.ankama.com/dofus-touch/www/img/../../../dofus-touch/www/game/items/52/4069.w40h40.png
armes,Marteau des Falistos,Marteau,Niv. 79,https://static.ankama.com/dofus-touch/www/img/../../../dofus-touch/www/game/items/52/7019.w40h40.png
armes,Le Kikoularc,Arc,Niv. 79,https://static.ankama.com/dofus-touch/www/img/../../../dofus-touch/www/game/items/52/2057.w40h40.png
armes,Baguette de Kouartz,Baguette,Niv. 78,https://static.ankama.com/dofus-touch/www/img/../../../dofus-touch/www/game/items/52/3041.w40h40.png
armes,Bardiche du Milicien,Hache,Niv. 78,https://static.ankama.com/dofus-touch/www/img/../../../dofus-touch/www/game/items/52/19003.w40h40.png
armes,Kidorteau,Marteau,Niv. 77,https://static.ankama.com/dofus-touch/www/img/../../../dofus-touch/www/game/items/52/7066.w40h40.png
armes,Bâton du Sandanwa,Bâton,Niv. 77,https://static.ankama.com/dofus-touch/www/img/../../../dofus-touch/www/game/items/52/4051.w40h40.png
armes,Sabre Feudala,Épée,Niv. 76,https://static.ankama.com/dofus-touch/www/img/../../../dofus-touch/www/game/items/52/6064.w40h40.png
armes,Bâton de Farle,Bâton,Niv. 76,https://static.ankama.com/dofus-touch/www/img/../../../dofus-touch/www/game/items/52/4043.w40h40.png
armes,Eventail Tranchant,Épée,Niv. 75,https://static.ankama.com/dofus-touch/www/img/../../../dofus-touch/www/game/items/52/6024.w40h40.png
armes,Baguette Helles,Baguette,Niv. 75,https://static.ankama.com/dofus-touch/www/img/../../../dofus-touch/www/game/items/52/3022.w40h40.png
armes,Fendeuse d'Abraknyde,Hache,Niv. 74,https://static.ankama.com/dofus-touch/www/img/../../../dofus-touch/www/game/items/52/19012.w40h40.png
armes,La Bidjiz,Baguette,Niv. 74,https://static.ankama.com/dofus-touch/www/img/../../../dofus-touch/www/game/items/52/3062.w40h40.png
armes,Chakra Style,Dague,Niv. 73,https://static.ankama.com/dofus-touch/www/img/../../../dofus-touch/www/game/items/52/5008.w40h40.png
armes,Epée Zervatif,Épée,Niv. 73,https://static.ankama.com/dofus-touch/www/img/../../../dofus-touch/www/game/items/52/6074.w40h40.png
armes,Ares,Pelle,Niv. 72,https://static.ankama.com/dofus-touch/www/img/../../../dofus-touch/www/game/items/52/8009.w40h40.png
armes,Arc du Roi des Borins,Arc,Niv. 72,https://static.ankama.com/dofus-touch/www/img/../../../dofus-touch/www/game/items/52/2023.w40h40.png
armes,Pelle Gicque,Pelle,Niv. 71,https://static.ankama.com/dofus-touch/www/img/../../../dofus-touch/www/game/items/52/8035.w40h40.png
armes,Baguette Meneuse,Baguette,Niv. 71,https://static.ankama.com/dofus-touch/www/img/../../../dofus-touch/www/game/items/52/3021.w40h40.png
armes,Arc du Pêcheur,Arc,Niv. 70,https://static.ankama.com/dofus-touch/www/img/../../../dofus-touch/www/game/items/52/2032.w40h40.png
armes,Lame du Chef Crocodaille,Épée,Niv. 70,https://static.ankama.com/dofus-touch/www/img/../../../dofus-touch/www/game/items/52/6049.w40h40.png
armes,Pelle Minstère,Pelle,Niv. 70,https://static.ankama.com/dofus-touch/www/img/../../../dofus-touch/www/game/items/52/8046.w40h40.png
armes,Pelle Hi'Sé'Moun',Pelle,Niv. 70,https://static.ankama.com/dofus-touch/www/img/../../../dofus-touch/www/game/items/52/8056.w40h40.png
armes,Marteau Ni'Hok',Marteau,Niv. 70,https://static.ankama.com/dofus-touch/www/img/../../../dofus-touch/www/game/items/52/7073.w40h40.png
armes,Hache Per'Ge',Hache,Niv. 70,https://static.ankama.com/dofus-touch/www/img/../../../dofus-touch/www/game/items/52/19056.w40h40.png
armes,Bâton Lap'Louz',Bâton,Niv. 70,https://static.ankama.com/dofus-touch/www/img/../../../dofus-touch/www/game/items/52/4087.w40h40.png
armes,Marteau Pospodrol,Marteau,Niv. 70,https://static.ankama.com/dofus-touch/www/img/../../../dofus-touch/www/game/items/52/7005.w40h40.png
armes,Epée Cerp'Teurh',Épée,Niv. 70,https://static.ankama.com/dofus-touch/www/img/../../../dofus-touch/www/game/items/52/6086.w40h40.png
armes,Dague Ho'Rille',Dague,Niv. 70,https://static.ankama.com/dofus-touch/www/img/../../../dofus-touch/www/game/items/52/5075.w40h40.png
armes,Arc Ko'Neun',Arc,Niv. 70,https://static.ankama.com/dofus-touch/www/img/../../../dofus-touch/www/game/items/52/2066.w40h40.png
armes,Baguette Euh'Laille'Fe',Baguette,Niv. 70,https://static.ankama.com/dofus-touch/www/img/../../../dofus-touch/www/game/items/52/3071.w40h40.png
armes,Griffettes,Dague,Niv. 69,https://static.ankama.com/dofus-touch/www/img/../../../dofus-touch/www/game/items/52/5062.w40h40.png
armes,Bagdette Café,Baguette,Niv. 69,https://static.ankama.com/dofus-touch/www/img/../../../dofus-touch/www/game/items/52/3061.w40h40.png
armes,Kryst O'Boul,Bâton,Niv. 68,https://static.ankama.com/dofus-touch/www/img/../../../dofus-touch/www/game/items/52/4063.w40h40.png
armes,La Griffe Aiguisée,Épée,Niv. 68,https://static.ankama.com/dofus-touch/www/img/../../../dofus-touch/www/game/items/52/6034.w40h40.png
armes,Baguette en Racine d'Abraknyde Sombre,Baguette,Niv. 67,https://static.ankama.com/dofus-touch/www/img/../../../dofus-touch/www/game/items/52/3040.w40h40.png
armes,God Rod,Bâton,Niv. 67,https://static.ankama.com/dofus-touch/www/img/../../../dofus-touch/www/game/items/52/4007.w40h40.png
armes,Dague Fourbesque,Dague,Niv. 67,https://static.ankama.com/dofus-touch/www/img/../../../dofus-touch/www/game/items/52/5011.w40h40.png
armes,Dagues Ruyère,Dague,Niv. 67,https://static.ankama.com/dofus-touch/www/img/../../../dofus-touch/www/game/items/52/5061.w40h40.png
armes,Trancheuse de Partie,Hache,Niv. 66,https://static.ankama.com/dofus-touch/www/img/../../../dofus-touch/www/game/items/52/19002.w40h40.png
armes,Ragnarok,Marteau,Niv. 66,https://static.ankama.com/dofus-touch/www/img/../../../dofus-touch/www/game/items/52/7055.w40h40.png
armes,Pelle Ripe,Pelle,Niv. 66,https://static.ankama.com/dofus-touch/www/img/../../../dofus-touch/www/game/items/52/8047.w40h40.png
armes,Coupeuse de Sifflet,Hache,Niv. 66,https://static.ankama.com/dofus-touch/www/img/../../../dofus-touch/www/game/items/52/19017.w40h40.png
armes,Sabre Nidanwa,Épée,Niv. 66,https://static.ankama.com/dofus-touch/www/img/../../../dofus-touch/www/game/items/52/6056.w40h40.png
armes,Epée Royale du Bouftou,Épée,Niv. 65,https://static.ankama.com/dofus-touch/www/img/../../../dofus-touch/www/game/items/52/6030.w40h40.png
armes,Pieu Vampirique,Baguette,Niv. 65,https://static.ankama.com/dofus-touch/www/img/../../../dofus-touch/www/game/items/52/3014.w40h40.png
armes,Le Cutter Sanglant,Épée,Niv. 64,https://static.ankama.com/dofus-touch/www/img/../../../dofus-touch/www/game/items/52/6023.w40h40.png
armes,Blessdags,Dague,Niv. 64,https://static.ankama.com/dofus-touch/www/img/../../../dofus-touch/www/game/items/52/5055.w40h40.png
armes,Pelle Woukuis,Pelle,Niv. 64,https://static.ankama.com/dofus-touch/www/img/../../../dofus-touch/www/game/items/52/8021.w40h40.png
armes,Balgourde des Clairettes,Baguette,Niv. 63,https://static.ankama.com/dofus-touch/www/img/../../../dofus-touch/www/game/items/52/3043.w40h40.png
armes,Baguette Hylique,Baguette,Niv. 63,https://static.ankama.com/dofus-touch/www/img/../../../dofus-touch/www/game/items/52/3051.w40h40.png
armes,Boulgourde des Clairières,Hache,Niv. 62,https://static.ankama.com/dofus-touch/www/img/../../../dofus-touch/www/game/items/52/19005.w40h40.png
armes,Dagues Aerdala,Dague,Niv. 62,https://static.ankama.com/dofus-touch/www/img/../../../dofus-touch/www/game/items/52/5051.w40h40.png
armes,Bâton du Nidanwa,Bâton,Niv. 62,https://static.ankama.com/dofus-touch/www/img/../../../dofus-touch/www/game/items/52/4050.w40h40.png
armes,Hache Ebbah,Hache,Niv. 62,https://static.ankama.com/dofus-touch/www/img/../../../dofus-touch/www/game/items/52/19045.w40h40.png
armes,Arc du Koalak,Arc,Niv. 61,https://static.ankama.com/dofus-touch/www/img/../../../dofus-touch/www/game/items/52/2052.w40h40.png
armes,Découpeuse de Kralamoure,Épée,Niv. 61,https://static.ankama.com/dofus-touch/www/img/../../../dofus-touch/www/game/items/52/6008.w40h40.png
armes,Lame du Craqueleur,Épée,Niv. 61,https://static.ankama.com/dofus-touch/www/img/../../../dofus-touch/www/game/items/52/6054.w40h40.png
armes,Pelle Mechba,Pelle,Niv. 60,https://static.ankama.com/dofus-touch/www/img/../../../dofus-touch/www/game/items/52/8019.w40h40.png
armes,La Zulie Lame,Épée,Niv. 60,https://static.ankama.com/dofus-touch/www/img/../../../dofus-touch/www/game/items/52/6015.w40h40.png
armes,Bâton du Wobot,Bâton,Niv. 60,https://static.ankama.com/dofus-touch/www/img/../../../dofus-touch/www/game/items/52/4037.w40h40.png
armes,Baguette Larvesque,Baguette,Niv. 60,https://static.ankama.com/dofus-touch/www/img/../../../dofus-touch/www/game/items/52/3019.w40h40.png
armes,Bâton du Wa Wabbit,Bâton,Niv. 60,https://static.ankama.com/dofus-touch/www/img/../../../dofus-touch/www/game/items/52/4021.w40h40.png
armes,Bâton des Rois,Bâton,Niv. 60,https://static.ankama.com/dofus-touch/www/img/../../../dofus-touch/www/game/items/52/4017.w40h40.png
armes,Dague Haih'Ri'Don',Dague,Niv. 60,https://static.ankama.com/dofus-touch/www/img/../../../dofus-touch/www/game/items/52/5074.w40h40.png
armes,Marteau Bo'Gan',Marteau,Niv. 60,https://static.ankama.com/dofus-touch/www/img/../../../dofus-touch/www/game/items/52/7070.w40h40.png
armes,Bâton Lav'Heur',Bâton,Niv. 60,https://static.ankama.com/dofus-touch/www/img/../../../dofus-touch/www/game/items/52/4086.w40h40.png
armes,Pelle Sécutrice,Pelle,Niv. 60,https://static.ankama.com/dofus-touch/www/img/../../../dofus-touch/www/game/items/52/8004.w40h40.png
armes,Découpeuse de Yench,Épée,Niv. 60,https://static.ankama.com/dofus-touch/www/img/../../../dofus-touch/www/game/items/52/6021.w40h40.png
armes,Pelle Rail'Zeur',Pelle,Niv. 60,https://static.ankama.com/dofus-touch/www/img/../../../dofus-touch/www/game/items/52/8055.w40h40.png
armes,Arc Heub'Huz',Arc,Niv. 60,https://static.ankama.com/dofus-touch/www/img/../../../dofus-touch/www/game/items/52/2065.w40h40.png
armes,Baguette Ta'Lay',Baguette,Niv. 60,https://static.ankama.com/dofus-touch/www/img/../../../dofus-touch/www/game/items/52/3070.w40h40.png
armes,Hache Hev'Leu',Hache,Niv. 60,https://static.ankama.com/dofus-touch/www/img/../../../dofus-touch/www/game/items/52/19053.w40h40.png
armes,Epée Rnoh'Hel',Épée,Niv. 60,https://static.ankama.com/dofus-touch/www/img/../../../dofus-touch/www/game/items/52/6087.w40h40.png
armes,Le Tison Fûté,Baguette,Niv. 59,https://static.ankama.com/dofus-touch/www/img/../../../dofus-touch/www/game/items/52/3008.w40h40.png
armes,Hache du Nidanwa,Hache,Niv. 59,https://static.ankama.com/dofus-touch/www/img/../../../dofus-touch/www/game/items/52/19036.w40h40.png
armes,Baguette du Scarabosse Doré,Baguette,Niv. 59,https://static.ankama.com/dofus-touch/www/img/../../../dofus-touch/www/game/items/52/3059.w40h40.png
armes,Xaveur,Arc,Niv. 58,https://static.ankama.com/dofus-touch/www/img/../../../dofus-touch/www/game/items/52/2005.w40h40.png
armes,Bâton du Bwork Mage,Bâton,Niv. 58,https://static.ankama.com/dofus-touch/www/img/../../../dofus-touch/www/game/items/52/4001.w40h40.png
armes,Bâton de Piggy Paupe,Bâton,Niv. 57,https://static.ankama.com/dofus-touch/www/img/../../../dofus-touch/www/game/items/52/4099.w40h40.png
armes,Hache Darsson,Hache,Niv. 57,https://static.ankama.com/dofus-touch/www/img/../../../dofus-touch/www/game/items/52/19018.w40h40.png
armes,Le Tronknydum,Arc,Niv. 57,https://static.ankama.com/dofus-touch/www/img/../../../dofus-touch/www/game/items/52/2041.w40h40.png
armes,Marteau Polpoulette,Marteau,Niv. 57,https://static.ankama.com/dofus-touch/www/img/../../../dofus-touch/www/game/items/52/7035.w40h40.png
armes,Bâton du Maître des Tofus,Bâton,Niv. 56,https://static.ankama.com/dofus-touch/www/img/../../../dofus-touch/www/game/items/52/4006.w40h40.png
armes,Kwakwalame,Épée,Niv. 56,https://static.ankama.com/dofus-touch/www/img/../../../dofus-touch/www/game/items/52/6109.w40h40.png
armes,Lame de Fon,Dague,Niv. 56,https://static.ankama.com/dofus-touch/www/img/../../../dofus-touch/www/game/items/52/5014.w40h40.png
armes,Arc de Cristal,Arc,Niv. 56,https://static.ankama.com/dofus-touch/www/img/../../../dofus-touch/www/game/items/52/2018.w40h40.png
armes,Hache du Mulou,Hache,Niv. 55,https://static.ankama.com/dofus-touch/www/img/../../../dofus-touch/www/game/items/52/19042.w40h40.png
armes,Hook,Bâton,Niv. 55,https://static.ankama.com/dofus-touch/www/img/../../../dofus-touch/www/game/items/52/4004.w40h40.png
armes,Pelle Zébuth,Pelle,Niv. 55,https://static.ankama.com/dofus-touch/www/img/../../../dofus-touch/www/game/items/52/8040.w40h40.png
armes,Baguette d'Houvette,Baguette,Niv. 55,https://static.ankama.com/dofus-touch/www/img/../../../dofus-touch/www/game/items/52/3019.w40h40.png
armes,Marteau Réfacteur,Marteau,Niv. 55,https://static.ankama.com/dofus-touch/www/img/../../../dofus-touch/www/game/items/52/7044.w40h40.png
armes,Arc de Kuri,Arc,Niv. 55,https://static.ankama.com/dofus-touch/www/img/../../../dofus-touch/www/game/items/52/2043.w40h40.png
armes,Marteau Re'Thu,Marteau,Niv. 55,https://static.ankama.com/dofus-touch/www/img/../../../dofus-touch/www/game/items/52/7005.w40h40.png
armes,Epée d'Ougicle,Épée,Niv. 55,https://static.ankama.com/dofus-touch/www/img/../../../dofus-touch/www/game/items/52/6104.w40h40.png
armes,Racine Sauvageonne,Bâton,Niv. 54,https://static.ankama.com/dofus-touch/www/img/../../../dofus-touch/www/game/items/52/4041.w40h40.png
armes,Dagues d'Hichète,Dague,Niv. 54,https://static.ankama.com/dofus-touch/www/img/../../../dofus-touch/www/game/items/52/5083.w40h40.png
armes,Hache de Brèche,Hache,Niv. 54,https://static.ankama.com/dofus-touch/www/img/../../../dofus-touch/www/game/items/52/19016.w40h40.png
armes,Le Matronome,Marteau,Niv. 54,https://static.ankama.com/dofus-touch/www/img/../../../dofus-touch/www/game/items/52/7021.w40h40.png
armes,Marteau de Mirh,Marteau,Niv. 54,https://static.ankama.com/dofus-touch/www/img/../../../dofus-touch/www/game/items/52/7083.w40h40.png
armes,Baton Rifique,Bâton,Niv. 54,https://static.ankama.com/dofus-touch/www/img/../../../dofus-touch/www/game/items/52/170309.w40h40.png
armes,Bâton du Kanigrou,Bâton,Niv. 53,https://static.ankama.com/dofus-touch/www/img/../../../dofus-touch/www/game/items/52/4022.w40h40.png
armes,Baguette de Kloug,Baguette,Niv. 53,https://static.ankama.com/dofus-touch/www/img/../../../dofus-touch/www/game/items/52/3073.w40h40.png
armes,Baguette d'Eglise,Baguette,Niv. 52,https://static.ankama.com/dofus-touch/www/img/../../../dofus-touch/www/game/items/52/3016.w40h40.png
armes,Pelle Musicale,Pelle,Niv. 52,https://static.ankama.com/dofus-touch/www/img/../../../dofus-touch/www/game/items/52/8038.w40h40.png
armes,Razielle,Épée,Niv. 52,https://static.ankama.com/dofus-touch/www/img/../../../dofus-touch/www/game/items/52/6016.w40h40.png
armes,Pelle Doudesque,Pelle,Niv. 52,https://static.ankama.com/dofus-touch/www/img/../../../dofus-touch/www/game/items/52/8027.w40h40.png
armes,Etoile du Soir,Épée,Niv. 52,https://static.ankama.com/dofus-touch/www/img/../../../dofus-touch/www/game/items/52/6022.w40h40.png
armes,Masse Aj Taye,Marteau,Niv. 51,https://static.ankama.com/dofus-touch/www/img/../../../dofus-touch/www/game/items/52/7017.w40h40.png
armes,Bâton de Logram,Bâton,Niv. 51,https://static.ankama.com/dofus-touch/www/img/../../../dofus-touch/www/game/items/52/4104.w40h40.png
armes,Baguette des Cieux,Baguette,Niv. 51,https://static.ankama.com/dofus-touch/www/img/../../../dofus-touch/www/game/items/52/3006.w40h40.png
armes,Hache de Pierre,Hache,Niv. 51,https://static.ankama.com/dofus-touch/www/img/../../../dofus-touch/www/game/items/52/19002.w40h40.png
armes,Marteau de Klüme,Marteau,Niv. 51,https://static.ankama.com/dofus-touch/www/img/../../../dofus-touch/www/game/items/52/7724.w40h40.png
armes,Puissante Masse Aj Taye,Marteau,Niv. 51,https://static.ankama.com/dofus-touch/www/img/../../../dofus-touch/www/game/items/52/7017.w40h40.png
armes,Cruelle Pelle-Truelle,Pelle,Niv. 50,https://static.ankama.com/dofus-touch/www/img/../../../dofus-touch/www/game/items/52/8015.w40h40.png
armes,Pelle Ikan,Pelle,Niv. 50,https://static.ankama.com/dofus-touch/www/img/../../../dofus-touch/www/game/items/52/8008.w40h40.png
armes,Epée Dal'Douss',Épée,Niv. 50,https://static.ankama.com/dofus-touch/www/img/../../../dofus-touch/www/game/items/52/6088.w40h40.png
armes,Marteau Reuh'Deuh'Piz',Marteau,Niv. 50,https://static.ankama.com/dofus-touch/www/img/../../../dofus-touch/www/game/items/52/7072.w40h40.png
armes,Baguette Han'Dar',Baguette,Niv. 50,https://static.ankama.com/dofus-touch/www/img/../../../dofus-touch/www/game/items/52/3069.w40h40.png
armes,Bâton de Karotz,Bâton,Niv. 50,https://static.ankama.com/dofus-touch/www/img/../../../dofus-touch/www/game/items/52/4098.w40h40.png
armes,Épée Glutine de Nowel,Épée,Niv. 50,https://static.ankama.com/dofus-touch/www/img/../../../dofus-touch/www/game/items/52/6069.w40h40.png
armes,Baguette Deuh-Pain,Baguette,Niv. 50,https://static.ankama.com/dofus-touch/www/img/../../../dofus-touch/www/game/items/52/3009.w40h40.png
armes,Arc Tar'Huss',Arc,Niv. 50,https://static.ankama.com/dofus-touch/www/img/../../../dofus-touch/www/game/items/52/2064.w40h40.png
armes,Hache Pi'Veuh'Nin',Hache,Niv. 50,https://static.ankama.com/dofus-touch/www/img/../../../dofus-touch/www/game/items/52/19055.w40h40.png
armes,Bâton Boh'La',Bâton,Niv. 50,https://static.ankama.com/dofus-touch/www/img/../../../dofus-touch/www/game/items/52/4085.w40h40.png
armes,Bâton du Manitou Zoth,Bâton,Niv. 50,https://static.ankama.com/dofus-touch/www/img/../../../dofus-touch/www/game/items/52/4091.w40h40.png
armes,Pelle Melle,Pelle,Niv. 50,https://static.ankama.com/dofus-touch/www/img/../../../dofus-touch/www/game/items/52/8018.w40h40.png
armes,Bâton-Boule de Voyante,Bâton,Niv. 50,https://static.ankama.com/dofus-touch/www/img/../../../dofus-touch/www/game/items/52/4018.w40h40.png
armes,Dague Hi'Mov',Dague,Niv. 50,https://static.ankama.com/dofus-touch/www/img/../../../dofus-touch/www/game/items/52/5073.w40h40.png
armes,Pelle Ag'Heuze',Pelle,Niv. 50,https://static.ankama.com/dofus-touch/www/img/../../../dofus-touch/www/game/items/52/8054.w40h40.png
armes,Pelle de Stroud émoussée,Pelle,Niv. 50,https://static.ankama.com/dofus-touch/www/img/../../../dofus-touch/www/game/items/52/8059.w40h40.png
armes,Baguette Ni'Ninnin,Baguette,Niv. 50,https://static.ankama.com/dofus-touch/www/img/../../../dofus-touch/www/game/items/52/3018.w40h40.png
armes,Arc de Boo,Arc,Niv. 50,https://static.ankama.com/dofus-touch/www/img/../../../dofus-touch/www/game/items/52/2006.w40h40.png
armes,Marteau Pinambour,Marteau,Niv. 50,https://static.ankama.com/dofus-touch/www/img/../../../dofus-touch/www/game/items/52/7039.w40h40.png
armes,Epée Tillante,Épée,Niv. 49,https://static.ankama.com/dofus-touch/www/img/../../../dofus-touch/www/game/items/52/6102.w40h40.png
armes,L'Arc à Hick,Arc,Niv. 49,https://static.ankama.com/dofus-touch/www/img/../../../dofus-touch/www/game/items/52/2011.w40h40.png
armes,Marteau Tape Doigts,Marteau,Niv. 49,https://static.ankama.com/dofus-touch/www/img/../../../dofus-touch/www/game/items/52/7029.w40h40.png
armes,Marteau Outar,Marteau,Niv. 48,https://static.ankama.com/dofus-touch/www/img/../../../dofus-touch/www/game/items/52/7006.w40h40.png
armes,L'Hyldegarde,Baguette,Niv. 48,https://static.ankama.com/dofus-touch/www/img/../../../dofus-touch/www/game/items/52/3008.w40h40.png
armes,Imposant Marteau Outar,Marteau,Niv. 48,https://static.ankama.com/dofus-touch/www/img/../../../dofus-touch/www/game/items/52/7006.w40h40.png
armes,"Arc dit Kéha, nouvelle version",Arc,Niv. 47,https://static.ankama.com/dofus-touch/www/img/../../../dofus-touch/www/game/items/52/2021.w40h40.png
armes,Hache d'Hulkrap,Hache,Niv. 47,https://static.ankama.com/dofus-touch/www/img/../../../dofus-touch/www/game/items/52/19058.w40h40.png
armes,Elagueuse de Charme,Hache,Niv. 47,https://static.ankama.com/dofus-touch/www/img/../../../dofus-touch/www/game/items/52/19003.w40h40.png
armes,Sceptre du Kanniboul Ebil,Bâton,Niv. 47,https://static.ankama.com/dofus-touch/www/img/../../../dofus-touch/www/game/items/52/4103.w40h40.png
armes,Bâton d'Haku,Bâton,Niv. 47,https://static.ankama.com/dofus-touch/www/img/../../../dofus-touch/www/game/items/52/4106.w40h40.png
armes,Dagues Honies,Dague,Niv. 46,https://static.ankama.com/dofus-touch/www/img/../../../dofus-touch/www/game/items/52/5050.w40h40.png
armes,Arc des Rivages,Arc,Niv. 46,https://static.ankama.com/dofus-touch/www/img/../../../dofus-touch/www/game/items/52/2038.w40h40.png
armes,Bâton du Shodanwa,Bâton,Niv. 46,https://static.ankama.com/dofus-touch/www/img/../../../dofus-touch/www/game/items/52/4049.w40h40.png
armes,Pelle Perpote,Pelle,Niv. 46,https://static.ankama.com/dofus-touch/www/img/../../../dofus-touch/www/game/items/52/8065.w40h40.png
armes,Dagues Eurfolles,Dague,Niv. 46,https://static.ankama.com/dofus-touch/www/img/../../../dofus-touch/www/game/items/52/5010.w40h40.png
armes,Le Twote en Carton,Marteau,Niv. 46,https://static.ankama.com/dofus-touch/www/img/../../../dofus-touch/www/game/items/52/7006.w40h40.png
armes,Lame d'Ogralimde,Épée,Niv. 45,https://static.ankama.com/dofus-touch/www/img/../../../dofus-touch/www/game/items/52/6012.w40h40.png
armes,Baguette à Pans,Baguette,Niv. 45,https://static.ankama.com/dofus-touch/www/img/../../../dofus-touch/www/game/items/52/3020.w40h40.png
armes,Corbalame,Épée,Niv. 45,https://static.ankama.com/dofus-touch/www/img/../../../dofus-touch/www/game/items/52/6032.w40h40.png
armes,Abraton,Bâton,Niv. 45,https://static.ankama.com/dofus-touch/www/img/../../../dofus-touch/www/game/items/52/4023.w40h40.png
armes,Jakchir Arc,Arc,Niv. 45,https://static.ankama.com/dofus-touch/www/img/../../../dofus-touch/www/game/items/52/2050.w40h40.png
armes,Dague de Grouillot,Dague,Niv. 45,https://static.ankama.com/dofus-touch/www/img/../../../dofus-touch/www/game/items/52/5078.w40h40.png
armes,Bâton en Racine d'Abraknyde,Bâton,Niv. 44,https://static.ankama.com/dofus-touch/www/img/../../../dofus-touch/www/game/items/52/4001.w40h40.png
armes,Epée de Traçon,Épée,Niv. 44,https://static.ankama.com/dofus-touch/www/img/../../../dofus-touch/www/game/items/52/6110.w40h40.png
armes,Dagues Aj'Deh'Là,Dague,Niv. 44,https://static.ankama.com/dofus-touch/www/img/../../../dofus-touch/www/game/items/52/5019.w40h40.png
armes,Bâton Rouge,Bâton,Niv. 44,https://static.ankama.com/dofus-touch/www/img/../../../dofus-touch/www/game/items/52/4112.w40h40.png
armes,Masse Tmosfer,Marteau,Niv. 43,https://static.ankama.com/dofus-touch/www/img/../../../dofus-touch/www/game/items/52/7014.w40h40.png
armes,Pelle en Mousse,Pelle,Niv. 43,https://static.ankama.com/dofus-touch/www/img/../../../dofus-touch/www/game/items/52/8044.w40h40.png
armes,Bâton de Gobeuf,Bâton,Niv. 43,https://static.ankama.com/dofus-touch/www/img/../../../dofus-touch/www/game/items/52/4090.w40h40.png
armes,Bâton Akwadala,Bâton,Niv. 43,https://static.ankama.com/dofus-touch/www/img/../../../dofus-touch/www/game/items/52/4061.w40h40.png
armes,Marteau du Chafer Draugr,Marteau,Niv. 43,https://static.ankama.com/dofus-touch/www/img/../../../dofus-touch/www/game/items/52/7726.w40h40.png
armes,Pelle de Bois Dormant,Pelle,Niv. 43,https://static.ankama.com/dofus-touch/www/img/../../../dofus-touch/www/game/items/52/8020.w40h40.png
armes,Baguette Sylvien,Baguette,Niv. 43,https://static.ankama.com/dofus-touch/www/img/../../../dofus-touch/www/game/items/52/3015.w40h40.png
armes,Baguette Cetera,Baguette,Niv. 43,https://static.ankama.com/dofus-touch/www/img/../../../dofus-touch/www/game/items/52/3050.w40h40.png
armes,Arc de Kubitus,Arc,Niv. 43,https://static.ankama.com/dofus-touch/www/img/../../../dofus-touch/www/game/items/52/2070.w40h40.png
armes,Arc en Corne de Bouftou,Arc,Niv. 42,https://static.ankama.com/dofus-touch/www/img/../../../dofus-touch/www/game/items/52/2022.w40h40.png
armes,Elagueuse d'Oliviolet,Hache,Niv. 42,https://static.ankama.com/dofus-touch/www/img/../../../dofus-touch/www/game/items/52/19014.w40h40.png
armes,Arc à Poulie Sciée,Arc,Niv. 41,https://static.ankama.com/dofus-touch/www/img/../../../dofus-touch/www/game/items/52/2010.w40h40.png
armes,Epée de Rekto Topi,Épée,Niv. 41,https://static.ankama.com/dofus-touch/www/img/../../../dofus-touch/www/game/items/52/6093.w40h40.png
armes,Kwaklame de Flammes,Épée,Niv. 41,https://static.ankama.com/dofus-touch/www/img/../../../dofus-touch/www/game/items/52/6052.w40h40.png
armes,Kwaklame de Terre,Épée,Niv. 41,https://static.ankama.com/dofus-touch/www/img/../../../dofus-touch/www/game/items/52/6053.w40h40.png
armes,Marteau du Boufcoul,Marteau,Niv. 41,https://static.ankama.com/dofus-touch/www/img/../../../dofus-touch/www/game/items/52/7054.w40h40.png
armes,Epée de Grüt,Épée,Niv. 41,https://static.ankama.com/dofus-touch/www/img/../../../dofus-touch/www/game/items/52/6094.w40h40.png
armes,Epée de Kalkanéus,Épée,Niv. 41,https://static.ankama.com/dofus-touch/www/img/../../../dofus-touch/www/game/items/52/6112.w40h40.png
armes,Pioche de Grizou,Pioche,Niv. 41,https://static.ankama.com/dofus-touch/www/img/../../../dofus-touch/www/game/items/52/21002.w40h40.png
armes,Kwaklame de Glace,Épée,Niv. 41,https://static.ankama.com/dofus-touch/www/img/../../../dofus-touch/www/game/items/52/6051.w40h40.png
armes,Kwaklame du Vent,Épée,Niv. 41,https://static.ankama.com/dofus-touch/www/img/../../../dofus-touch/www/game/items/52/6050.w40h40.png
armes,Epée de Kocksis,Épée,Niv. 41,https://static.ankama.com/dofus-touch/www/img/../../../dofus-touch/www/game/items/52/6095.w40h40.png
armes,Arc de Laikteur,Arc,Niv. 41,https://static.ankama.com/dofus-touch/www/img/../../../dofus-touch/www/game/items/52/2068.w40h40.png
armes,Dagues Cruelles d'Elorie Entuwan,Dague,Niv. 40,https://static.ankama.com/dofus-touch/www/img/../../../dofus-touch/www/game/items/52/5007.w40h40.png
armes,Dagues Eulasse,Dague,Niv. 40,https://static.ankama.com/dofus-touch/www/img/../../../dofus-touch/www/game/items/52/5010.w40h40.png
armes,Marteau Mah'Turj',Marteau,Niv. 40,https://static.ankama.com/dofus-touch/www/img/../../../dofus-touch/www/game/items/52/7071.w40h40.png
armes,Arc Hord'Eon',Arc,Niv. 40,https://static.ankama.com/dofus-touch/www/img/../../../dofus-touch/www/game/items/52/2063.w40h40.png
armes,Kamapêche,Outil,Niv. 40,https://static.ankama.com/dofus-touch/www/img/../../../dofus-touch/www/game/items/52/20091.w40h40.png
armes,Arc Hidsad,Arc,Niv. 40,https://static.ankama.com/dofus-touch/www/img/../../../dofus-touch/www/game/items/52/2012.w40h40.png
armes,Hache Pira'Teur',Hache,Niv. 40,https://static.ankama.com/dofus-touch/www/img/../../../dofus-touch/www/game/items/52/19054.w40h40.png
armes,Bâton du Tabi,Bâton,Niv. 40,https://static.ankama.com/dofus-touch/www/img/../../../dofus-touch/www/game/items/52/4006.w40h40.png
armes,Rhizome Doré,Pelle,Niv. 40,https://static.ankama.com/dofus-touch/www/img/../../../dofus-touch/www/game/items/52/8010.w40h40.png
armes,"Bâton de Dina, dit 'le Mythe'",Bâton,Niv. 40,https://static.ankama.com/dofus-touch/www/img/../../../dofus-touch/www/game/items/52/4006.w40h40.png
armes,Epée Hi'Zan',Épée,Niv. 40,https://static.ankama.com/dofus-touch/www/img/../../../dofus-touch/www/game/items/52/6090.w40h40.png
armes,Epée de Rapiat,Épée,Niv. 40,https://static.ankama.com/dofus-touch/www/img/../../../dofus-touch/www/game/items/52/6103.w40h40.png
armes,Goultard,Épée,Niv. 40,https://static.ankama.com/dofus-touch/www/img/../../../dofus-touch/www/game/items/52/6017.w40h40.png
armes,Sabre Shodanwa,Épée,Niv. 40,https://static.ankama.com/dofus-touch/www/img/../../../dofus-touch/www/game/items/52/6055.w40h40.png
armes,Dague Hi'Bol',Dague,Niv. 40,https://static.ankama.com/dofus-touch/www/img/../../../dofus-touch/www/game/items/52/5071.w40h40.png
armes,Baguette Stror'Di'Ner',Baguette,Niv. 40,https://static.ankama.com/dofus-touch/www/img/../../../dofus-touch/www/game/items/52/3068.w40h40.png
armes,Bâton Bouk'Tou',Bâton,Niv. 40,https://static.ankama.com/dofus-touch/www/img/../../../dofus-touch/www/game/items/52/4084.w40h40.png
armes,Bâton Tont'Ata,Bâton,Niv. 40,https://static.ankama.com/dofus-touch/www/img/../../../dofus-touch/www/game/items/52/4005.w40h40.png
armes,Pelle Ass'Tik',Pelle,Niv. 40,https://static.ankama.com/dofus-touch/www/img/../../../dofus-touch/www/game/items/52/8052.w40h40.png
armes,Baguette du Tofu,Baguette,Niv. 39,https://static.ankama.com/dofus-touch/www/img/../../../dofus-touch/www/game/items/52/3058.w40h40.png
armes,Abrarc,Arc,Niv. 39,https://static.ankama.com/dofus-touch/www/img/../../../dofus-touch/www/game/items/52/2024.w40h40.png
armes,Marteau du Bouftou,Marteau,Niv. 39,https://static.ankama.com/dofus-touch/www/img/../../../dofus-touch/www/game/items/52/7023.w40h40.png
armes,Coupeuse de Bombu,Hache,Niv. 39,https://static.ankama.com/dofus-touch/www/img/../../../dofus-touch/www/game/items/52/19015.w40h40.png
armes,La Trancheuse d'Arakne,Hache,Niv. 38,https://static.ankama.com/dofus-touch/www/img/../../../dofus-touch/www/game/items/52/19031.w40h40.png
armes,Corde d'Ivan Nowé,Arc,Niv. 36,https://static.ankama.com/dofus-touch/www/img/../../../dofus-touch/www/game/items/52/2001.w40h40.png
armes,Hache du Shodanwa,Hache,Niv. 36,https://static.ankama.com/dofus-touch/www/img/../../../dofus-touch/www/game/items/52/19037.w40h40.png
armes,Bâton Dakn,Bâton,Niv. 36,https://static.ankama.com/dofus-touch/www/img/../../../dofus-touch/www/game/items/52/4019.w40h40.png
armes,Daguette,Baguette,Niv. 35,https://static.ankama.com/dofus-touch/www/img/../../../dofus-touch/www/game/items/52/3017.w40h40.png
armes,Pelle de l'Agence Touriste,Pelle,Niv. 35,https://static.ankama.com/dofus-touch/www/img/../../../dofus-touch/www/game/items/52/170277.w40h40.png
armes,Couteau à Stek,Dague,Niv. 35,https://static.ankama.com/dofus-touch/www/img/../../../dofus-touch/www/game/items/52/5013.w40h40.png
armes,Epée Cassée du Chevalier Malchanceux,Dague,Niv. 35,https://static.ankama.com/dofus-touch/www/img/../../../dofus-touch/www/game/items/52/5043.w40h40.png
armes,Hache Heuvante,Hache,Niv. 35,https://static.ankama.com/dofus-touch/www/img/../../../dofus-touch/www/game/items/52/19015.w40h40.png
armes,Marteau Toh'Lo,Marteau,Niv. 35,https://static.ankama.com/dofus-touch/www/img/../../../dofus-touch/www/game/items/52/7015.w40h40.png
armes,La Griffe,Épée,Niv. 35,https://static.ankama.com/dofus-touch/www/img/../../../dofus-touch/www/game/items/52/6033.w40h40.png
armes,Epée de Pym,Épée,Niv. 35,https://static.ankama.com/dofus-touch/www/img/../../../dofus-touch/www/game/items/52/6084.w40h40.png
armes,Bâton du Maître des Tabis,Bâton,Niv. 34,https://static.ankama.com/dofus-touch/www/img/../../../dofus-touch/www/game/items/52/4006.w40h40.png
armes,Faux usée du Paysan,Faux,Niv. 34,https://static.ankama.com/dofus-touch/www/img/../../../dofus-touch/www/game/items/52/22002.w40h40.png
armes,Dagues Ancestrales,Dague,Niv. 34,https://static.ankama.com/dofus-touch/www/img/../../../dofus-touch/www/game/items/52/5008.w40h40.png
armes,Lame du Chevaucheur de Karne,Épée,Niv. 34,https://static.ankama.com/dofus-touch/www/img/../../../dofus-touch/www/game/items/52/6003.w40h40.png
armes,Abraknydi Vivitus,Bâton,Niv. 34,https://static.ankama.com/dofus-touch/www/img/../../../dofus-touch/www/game/items/52/4001.w40h40.png
armes,Baguette en Racine d'Abraknyde,Baguette,Niv. 33,https://static.ankama.com/dofus-touch/www/img/../../../dofus-touch/www/game/items/52/3003.w40h40.png
armes,La Corde de Yamato,Arc,Niv. 33,https://static.ankama.com/dofus-touch/www/img/../../../dofus-touch/www/game/items/52/2010.w40h40.png
armes,Les Lames en Table,Dague,Niv. 33,https://static.ankama.com/dofus-touch/www/img/../../../dofus-touch/www/game/items/52/5013.w40h40.png
armes,Tueuse de Chênes,Hache,Niv. 33,https://static.ankama.com/dofus-touch/www/img/../../../dofus-touch/www/game/items/52/19002.w40h40.png
armes,Epée de Phong Huss,Épée,Niv. 33,https://static.ankama.com/dofus-touch/www/img/../../../dofus-touch/www/game/items/52/6097.w40h40.png
armes,La crinière de Badoul,Épée,Niv. 33,https://static.ankama.com/dofus-touch/www/img/../../../dofus-touch/www/game/items/52/6011.w40h40.png
armes,Dagues Eguisées,Dague,Niv. 33,https://static.ankama.com/dofus-touch/www/img/../../../dofus-touch/www/game/items/52/5010.w40h40.png
armes,Bâton du Grand Pa Wabbit,Bâton,Niv. 32,https://static.ankama.com/dofus-touch/www/img/../../../dofus-touch/www/game/items/52/4001.w40h40.png
armes,Fendeuse de Merisier,Hache,Niv. 32,https://static.ankama.com/dofus-touch/www/img/../../../dofus-touch/www/game/items/52/19007.w40h40.png
armes,Arc de Jeanne,Arc,Niv. 30,https://static.ankama.com/dofus-touch/www/img/../../../dofus-touch/www/game/items/52/2015.w40h40.png
armes,Baguette Hoh',Baguette,Niv. 30,https://static.ankama.com/dofus-touch/www/img/../../../dofus-touch/www/game/items/52/3067.w40h40.png
armes,Arc du bandit archer,Arc,Niv. 30,https://static.ankama.com/dofus-touch/www/img/../../../dofus-touch/www/game/items/52/2067.w40h40.png
armes,Dagues O'Bert,Dague,Niv. 30,https://static.ankama.com/dofus-touch/www/img/../../../dofus-touch/www/game/items/52/5001.w40h40.png
armes,Pelle Rin',Pelle,Niv. 30,https://static.ankama.com/dofus-touch/www/img/../../../dofus-touch/www/game/items/52/8053.w40h40.png
armes,Bâton Bah'Pik',Bâton,Niv. 30,https://static.ankama.com/dofus-touch/www/img/../../../dofus-touch/www/game/items/52/4083.w40h40.png
armes,Epée du bandit fine-lame,Épée,Niv. 30,https://static.ankama.com/dofus-touch/www/img/../../../dofus-touch/www/game/items/52/6092.w40h40.png
armes,Marteau d'Hectaupe,Marteau,Niv. 30,https://static.ankama.com/dofus-touch/www/img/../../../dofus-touch/www/game/items/52/7074.w40h40.png
armes,Dague Hi'Don',Dague,Niv. 30,https://static.ankama.com/dofus-touch/www/img/../../../dofus-touch/www/game/items/52/5072.w40h40.png
armes,Bâton du bandit baroudeur,Bâton,Niv. 30,https://static.ankama.com/dofus-touch/www/img/../../../dofus-touch/www/game/items/52/4089.w40h40.png
armes,Arc du Xueluom,Arc,Niv. 30,https://static.ankama.com/dofus-touch/www/img/../../../dofus-touch/www/game/items/52/2051.w40h40.png
armes,Bâton Carnivore,Bâton,Niv. 30,https://static.ankama.com/dofus-touch/www/img/../../../dofus-touch/www/game/items/52/4024.w40h40.png
armes,Baguette du bandit ensorceleur,Baguette,Niv. 30,https://static.ankama.com/dofus-touch/www/img/../../../dofus-touch/www/game/items/52/3072.w40h40.png
armes,Bâton d'Oubli,Bâton,Niv. 30,https://static.ankama.com/dofus-touch/www/img/../../../dofus-touch/www/game/items/52/4011.w40h40.png
armes,Epée Ta'Rad',Épée,Niv. 30,https://static.ankama.com/dofus-touch/www/img/../../../dofus-touch/www/game/items/52/6089.w40h40.png
armes,Marteau Le'Stoye',Marteau,Niv. 30,https://static.ankama.com/dofus-touch/www/img/../../../dofus-touch/www/game/items/52/7069.w40h40.png
armes,Arc Plass'Tik',Arc,Niv. 30,https://static.ankama.com/dofus-touch/www/img/../../../dofus-touch/www/game/items/52/2062.w40h40.png
armes,Hache Hich'Ke'Bab',Hache,Niv. 30,https://static.ankama.com/dofus-touch/www/img/../../../dofus-touch/www/game/items/52/19052.w40h40.png
armes,Bâton de Rapine,Bâton,Niv. 30,https://static.ankama.com/dofus-touch/www/img/../../../dofus-touch/www/game/items/52/4092.w40h40.png
armes,Le Rasoir Infernal,Dague,Niv. 29,https://static.ankama.com/dofus-touch/www/img/../../../dofus-touch/www/game/items/52/5017.w40h40.png
armes,Bashers,Dague,Niv. 29,https://static.ankama.com/dofus-touch/www/img/../../../dofus-touch/www/game/items/52/5005.w40h40.png
armes,Bâton Cornu,Bâton,Niv. 29,https://static.ankama.com/dofus-touch/www/img/../../../dofus-touch/www/game/items/52/4001.w40h40.png
armes,Pelle de Koutoulou,Pelle,Niv. 29,https://static.ankama.com/dofus-touch/www/img/../../../dofus-touch/www/game/items/52/8019.w40h40.png
armes,"La Lance à un ""110""",Bâton,Niv. 29,https://static.ankama.com/dofus-touch/www/img/../../../dofus-touch/www/game/items/52/4018.w40h40.png
armes,Dagues Tylo,Dague,Niv. 28,https://static.ankama.com/dofus-touch/www/img/../../../dofus-touch/www/game/items/52/5012.w40h40.png
armes,Marteau R'unique,Marteau,Niv. 28,https://static.ankama.com/dofus-touch/www/img/../../../dofus-touch/www/game/items/52/7018.w40h40.png
armes,Francisque à Brêles,Hache,Niv. 28,https://static.ankama.com/dofus-touch/www/img/../../../dofus-touch/www/game/items/52/19017.w40h40.png
armes,Nomoon,Arc,Niv. 28,https://static.ankama.com/dofus-touch/www/img/../../../dofus-touch/www/game/items/52/2009.w40h40.png
armes,Arc en Racine d'Abraknyde,Arc,Niv. 28,https://static.ankama.com/dofus-touch/www/img/../../../dofus-touch/www/game/items/52/2001.w40h40.png
armes,Sargasse,Marteau,Niv. 27,https://static.ankama.com/dofus-touch/www/img/../../../dofus-touch/www/game/items/52/7008.w40h40.png
armes,Pelle Teuze,Pelle,Niv. 27,https://static.ankama.com/dofus-touch/www/img/../../../dofus-touch/www/game/items/52/8008.w40h40.png
armes,Dagues Sylvestres,Dague,Niv. 27,https://static.ankama.com/dofus-touch/www/img/../../../dofus-touch/www/game/items/52/5006.w40h40.png
armes,Agride,Hache,Niv. 27,https://static.ankama.com/dofus-touch/www/img/../../../dofus-touch/www/game/items/52/19011.w40h40.png
armes,Lame du Bwork,Épée,Niv. 27,https://static.ankama.com/dofus-touch/www/img/../../../dofus-touch/www/game/items/52/6013.w40h40.png
armes,Baguette d'Intelligence,Baguette,Niv. 27,https://static.ankama.com/dofus-touch/www/img/../../../dofus-touch/www/game/items/52/3001.w40h40.png
armes,Bâton de fausse magie,Bâton,Niv. 27,https://static.ankama.com/dofus-touch/www/img/../../../dofus-touch/www/game/items/52/4016.w40h40.png
armes,Arc de Triomphe,Arc,Niv. 27,https://static.ankama.com/dofus-touch/www/img/../../../dofus-touch/www/game/items/52/2011.w40h40.png
armes,Lame du Chafer,Épée,Niv. 27,https://static.ankama.com/dofus-touch/www/img/../../../dofus-touch/www/game/items/52/6005.w40h40.png
armes,Baguette Rangleuse,Baguette,Niv. 27,https://static.ankama.com/dofus-touch/www/img/../../../dofus-touch/www/game/items/52/3048.w40h40.png
armes,Epée du Chevalier,Épée,Niv. 26,https://static.ankama.com/dofus-touch/www/img/../../../dofus-touch/www/game/items/52/6009.w40h40.png
armes,Marteau de l'Aurore,Marteau,Niv. 26,https://static.ankama.com/dofus-touch/www/img/../../../dofus-touch/www/game/items/52/7002.w40h40.png
armes,La Trancheuse de Bambou,Hache,Niv. 26,https://static.ankama.com/dofus-touch/www/img/../../../dofus-touch/www/game/items/52/19033.w40h40.png
armes,Epée d'Alle,Épée,Niv. 26,https://static.ankama.com/dofus-touch/www/img/../../../dofus-touch/www/game/items/52/6001.w40h40.png
armes,La Plantouze des Champs,Bâton,Niv. 26,https://static.ankama.com/dofus-touch/www/img/../../../dofus-touch/www/game/items/52/4045.w40h40.png
armes,Dagues du Bandit,Dague,Niv. 26,https://static.ankama.com/dofus-touch/www/img/../../../dofus-touch/www/game/items/52/5009.w40h40.png
armes,Mauvaise Pioche,Pioche,Niv. 25,https://static.ankama.com/dofus-touch/www/img/../../../dofus-touch/www/game/items/52/21001.w40h40.png
armes,Katana de la Roche,Épée,Niv. 25,https://static.ankama.com/dofus-touch/www/img/../../../dofus-touch/www/game/items/52/171507.w40h40.png
armes,Mangeuse d'Erable,Hache,Niv. 25,https://static.ankama.com/dofus-touch/www/img/../../../dofus-touch/www/game/items/52/19010.w40h40.png
armes,Queues de Chatons,Dague,Niv. 25,https://static.ankama.com/dofus-touch/www/img/../../../dofus-touch/www/game/items/52/5020.w40h40.png
armes,Katana de la Tempête,Épée,Niv. 25,https://static.ankama.com/dofus-touch/www/img/../../../dofus-touch/www/game/items/52/171505.w40h40.png
armes,Katana de la Marée,Épée,Niv. 25,https://static.ankama.com/dofus-touch/www/img/../../../dofus-touch/www/game/items/52/171506.w40h40.png
armes,Le Marteau du Chafer,Marteau,Niv. 25,https://static.ankama.com/dofus-touch/www/img/../../../dofus-touch/www/game/items/52/7009.w40h40.png
armes,La Klebik,Épée,Niv. 25,https://static.ankama.com/dofus-touch/www/img/../../../dofus-touch/www/game/items/52/6011.w40h40.png
armes,Marteau Tau,Marteau,Niv. 25,https://static.ankama.com/dofus-touch/www/img/../../../dofus-touch/www/game/items/52/7003.w40h40.png
armes,Katana du Brasier,Épée,Niv. 25,https://static.ankama.com/dofus-touch/www/img/../../../dofus-touch/www/game/items/52/171504.w40h40.png
armes,Pelle à Thart',Pelle,Niv. 24,https://static.ankama.com/dofus-touch/www/img/../../../dofus-touch/www/game/items/52/8008.w40h40.png
armes,Pelle Houze,Pelle,Niv. 24,https://static.ankama.com/dofus-touch/www/img/../../../dofus-touch/www/game/items/52/8017.w40h40.png
armes,Masse d'Ha,Marteau,Niv. 24,https://static.ankama.com/dofus-touch/www/img/../../../dofus-touch/www/game/items/52/7016.w40h40.png
armes,Bâton de l'Homme Ours,Bâton,Niv. 24,https://static.ankama.com/dofus-touch/www/img/../../../dofus-touch/www/game/items/52/4046.w40h40.png
armes,La Triste Lame,Épée,Niv. 23,https://static.ankama.com/dofus-touch/www/img/../../../dofus-touch/www/game/items/52/6005.w40h40.png
armes,Arc Ecologique,Arc,Niv. 23,https://static.ankama.com/dofus-touch/www/img/../../../dofus-touch/www/game/items/52/2020.w40h40.png
armes,Barabas,Marteau,Niv. 23,https://static.ankama.com/dofus-touch/www/img/../../../dofus-touch/www/game/items/52/7011.w40h40.png
armes,Pelle du Craqueleur,Pelle,Niv. 23,https://static.ankama.com/dofus-touch/www/img/../../../dofus-touch/www/game/items/52/8007.w40h40.png
armes,Baguette de Sagesse,Baguette,Niv. 23,https://static.ankama.com/dofus-touch/www/img/../../../dofus-touch/www/game/items/52/3004.w40h40.png
armes,Le Tranchant Infernal,Épée,Niv. 22,https://static.ankama.com/dofus-touch/www/img/../../../dofus-touch/www/game/items/52/6013.w40h40.png
armes,Arc Hancihaile,Arc,Niv. 22,https://static.ankama.com/dofus-touch/www/img/../../../dofus-touch/www/game/items/52/2016.w40h40.png
armes,Hache Huré,Hache,Niv. 22,https://static.ankama.com/dofus-touch/www/img/../../../dofus-touch/www/game/items/52/19016.w40h40.png
armes,Arc du Bwork Archer,Arc,Niv. 22,https://static.ankama.com/dofus-touch/www/img/../../../dofus-touch/www/game/items/52/2004.w40h40.png
armes,Trancheuse de Noyer,Hache,Niv. 21,https://static.ankama.com/dofus-touch/www/img/../../../dofus-touch/www/game/items/52/19008.w40h40.png
armes,La Queue Infernale,Épée,Niv. 21,https://static.ankama.com/dofus-touch/www/img/../../../dofus-touch/www/game/items/52/6018.w40h40.png
armes,L'Ergot Mina,Dague,Niv. 20,https://static.ankama.com/dofus-touch/www/img/../../../dofus-touch/www/game/items/52/5014.w40h40.png
armes,Baguette de Liriel,Baguette,Niv. 20,https://static.ankama.com/dofus-touch/www/img/../../../dofus-touch/www/game/items/52/3005.w40h40.png
armes,Baguette de Feu Follesque,Baguette,Niv. 20,https://static.ankama.com/dofus-touch/www/img/../../../dofus-touch/www/game/items/52/3014.w40h40.png
armes,Barbe Grise,Pelle,Niv. 20,https://static.ankama.com/dofus-touch/www/img/../../../dofus-touch/www/game/items/52/8011.w40h40.png
armes,La Canne Hête,Bâton,Niv. 20,https://static.ankama.com/dofus-touch/www/img/../../../dofus-touch/www/game/items/52/4068.w40h40.png
armes,Arc Déroutant,Arc,Niv. 20,https://static.ankama.com/dofus-touch/www/img/../../../dofus-touch/www/game/items/52/2003.w40h40.png
armes,Epée du Chevalier de Glace,Épée,Niv. 20,https://static.ankama.com/dofus-touch/www/img/../../../dofus-touch/www/game/items/52/6051.w40h40.png
armes,Marteau d'Ivoire,Marteau,Niv. 19,https://static.ankama.com/dofus-touch/www/img/../../../dofus-touch/www/game/items/52/7003.w40h40.png
armes,Arc Buse,Arc,Niv. 18,https://static.ankama.com/dofus-touch/www/img/../../../dofus-touch/www/game/items/52/2017.w40h40.png
armes,Bâton de l'initié,Bâton,Niv. 18,https://static.ankama.com/dofus-touch/www/img/../../../dofus-touch/www/game/items/52/4001.w40h40.png
armes,Arc de l'initié,Arc,Niv. 18,https://static.ankama.com/dofus-touch/www/img/../../../dofus-touch/www/game/items/52/2001.w40h40.png
armes,Pelle de l'initié,Pelle,Niv. 18,https://static.ankama.com/dofus-touch/www/img/../../../dofus-touch/www/game/items/52/8001.w40h40.png
armes,Pelle de Rapage,Pelle,Niv. 18,https://static.ankama.com/dofus-touch/www/img/../../../dofus-touch/www/game/items/52/8005.w40h40.png
armes,Koupe-koupe,Épée,Niv. 18,https://static.ankama.com/dofus-touch/www/img/../../../dofus-touch/www/game/items/52/6004.w40h40.png
armes,Dagues de l'initié,Dague,Niv. 18,https://static.ankama.com/dofus-touch/www/img/../../../dofus-touch/www/game/items/52/5010.w40h40.png
armes,Marteau Pickeur,Marteau,Niv. 18,https://static.ankama.com/dofus-touch/www/img/../../../dofus-touch/www/game/items/52/7012.w40h40.png
armes,Marteau de l'initié,Marteau,Niv. 18,https://static.ankama.com/dofus-touch/www/img/../../../dofus-touch/www/game/items/52/7001.w40h40.png
armes,Hache de l'initié,Hache,Niv. 18,https://static.ankama.com/dofus-touch/www/img/../../../dofus-touch/www/game/items/52/19001.w40h40.png
armes,Baguette Heure,Baguette,Niv. 18,https://static.ankama.com/dofus-touch/www/img/../../../dofus-touch/www/game/items/52/3017.w40h40.png
armes,Épée de l'initié,Épée,Niv. 18,https://static.ankama.com/dofus-touch/www/img/../../../dofus-touch/www/game/items/52/6007.w40h40.png
armes,Trancheuse d'If,Hache,Niv. 17,https://static.ankama.com/dofus-touch/www/img/../../../dofus-touch/www/game/items/52/19004.w40h40.png
armes,Epée d'Ha,Épée,Niv. 17,https://static.ankama.com/dofus-touch/www/img/../../../dofus-touch/www/game/items/52/6006.w40h40.png
armes,Dagues de Croclage,Dague,Niv. 17,https://static.ankama.com/dofus-touch/www/img/../../../dofus-touch/www/game/items/52/5004.w40h40.png
armes,Cerberus,Marteau,Niv. 16,https://static.ankama.com/dofus-touch/www/img/../../../dofus-touch/www/game/items/52/7007.w40h40.png
armes,Bâton Spirituel,Bâton,Niv. 16,https://static.ankama.com/dofus-touch/www/img/../../../dofus-touch/www/game/items/52/4008.w40h40.png
armes,Baguette de Glace,Baguette,Niv. 15,https://static.ankama.com/dofus-touch/www/img/../../../dofus-touch/www/game/items/52/3002.w40h40.png
armes,Pelle des Champs,Pelle,Niv. 15,https://static.ankama.com/dofus-touch/www/img/../../../dofus-touch/www/game/items/52/8017.w40h40.png
armes,Epée Sacrée,Épée,Niv. 15,https://static.ankama.com/dofus-touch/www/img/../../../dofus-touch/www/game/items/52/6001.w40h40.png
armes,Bâton de Bouftier,Bâton,Niv. 15,https://static.ankama.com/dofus-touch/www/img/../../../dofus-touch/www/game/items/52/4009.w40h40.png
armes,Hache Térophyle,Hache,Niv. 15,https://static.ankama.com/dofus-touch/www/img/../../../dofus-touch/www/game/items/52/19014.w40h40.png
armes,Marteau de Raclage,Marteau,Niv. 15,https://static.ankama.com/dofus-touch/www/img/../../../dofus-touch/www/game/items/52/7002.w40h40.png
armes,Epée de Fouraille,Épée,Niv. 15,https://static.ankama.com/dofus-touch/www/img/../../../dofus-touch/www/game/items/52/6002.w40h40.png
armes,Arc Holic,Arc,Niv. 15,https://static.ankama.com/dofus-touch/www/img/../../../dofus-touch/www/game/items/52/2004.w40h40.png
armes,Bâton Feuillu,Bâton,Niv. 14,https://static.ankama.com/dofus-touch/www/img/../../../dofus-touch/www/game/items/52/4002.w40h40.png
armes,Faux de Farle Ingalsse,Faux,Niv. 13,https://static.ankama.com/dofus-touch/www/img/../../../dofus-touch/www/game/items/52/22001.w40h40.png
armes,Hache Vôr'Om,Hache,Niv. 12,https://static.ankama.com/dofus-touch/www/img/../../../dofus-touch/www/game/items/52/19013.w40h40.png
armes,Baguette de l'initié,Baguette,Niv. 12,https://static.ankama.com/dofus-touch/www/img/../../../dofus-touch/www/game/items/52/3008.w40h40.png
armes,Leurnettes,Dague,Niv. 12,https://static.ankama.com/dofus-touch/www/img/../../../dofus-touch/www/game/items/52/5009.w40h40.png
armes,Maillet Aclou,Marteau,Niv. 11,https://static.ankama.com/dofus-touch/www/img/../../../dofus-touch/www/game/items/52/7012.w40h40.png
armes,Arc Sifflant,Arc,Niv. 11,https://static.ankama.com/dofus-touch/www/img/../../../dofus-touch/www/game/items/52/2015.w40h40.png
armes,Arc de Mech Riorraw,Arc,Niv. 10,https://static.ankama.com/dofus-touch/www/img/../../../dofus-touch/www/game/items/52/2008.w40h40.png
armes,Arc de Mulic Bere,Arc,Niv. 10,https://static.ankama.com/dofus-touch/www/img/../../../dofus-touch/www/game/items/52/2010.w40h40.png
armes,Hache Hémal,Hache,Niv. 9,https://static.ankama.com/dofus-touch/www/img/../../../dofus-touch/www/game/items/52/19018.w40h40.png
armes,Hachette Hévlalav,Hache,Niv. 8,https://static.ankama.com/dofus-touch/www/img/../../../dofus-touch/www/game/items/52/19007.w40h40.png
armes,Marteau du Bricoleur,Marteau,Niv. 7,https://static.ankama.com/dofus-touch/www/img/../../../dofus-touch/www/game/items/52/7002.w40h40.png
armes,Lance honorifique d'Albuera,Bâton,Niv. 5,https://static.ankama.com/dofus-touch/www/img/../../../dofus-touch/www/game/items/52/172089.w40h40.png
armes,Lance honorifique d'Albuera,Bâton,Niv. 5,https://static.ankama.com/dofus-touch/www/img/../../../dofus-touch/www/game/items/52/172089.w40h40.png
armes,Lance honorifique d'Albuera,Bâton,Niv. 5,https://static.ankama.com/dofus-touch/www/img/../../../dofus-touch/www/game/items/52/172089.w40h40.png
armes,Lance honorifique d'Albuera,Bâton,Niv. 5,https://static.ankama.com/dofus-touch/www/img/../../../dofus-touch/www/game/items/52/172089.w40h40.png
armes,Dagues de Boisaille,Dague,Niv. 4,https://static.ankama.com/dofus-touch/www/img/../../../dofus-touch/www/game/items/52/5010.w40h40.png
armes,Epée de Boisaille,Épée,Niv. 3,https://static.ankama.com/dofus-touch/www/img/../../../dofus-touch/www/game/items/52/6007.w40h40.png
armes,Hachette de Bûcheron,Hache,Niv. 3,https://static.ankama.com/dofus-touch/www/img/../../../dofus-touch/www/game/items/52/19006.w40h40.png
armes,Bâton Kouyu,Bâton,Niv. 2,https://static.ankama.com/dofus-touch/www/img/../../../dofus-touch/www/game/items/52/4003.w40h40.png
armes,Hache de Bûcheron,Hache,Niv. 2,https://static.ankama.com/dofus-touch/www/img/../../../dofus-touch/www/game/items/52/19001.w40h40.png
armes,Marteau de Boisaille,Marteau,Niv. 2,https://static.ankama.com/dofus-touch/www/img/../../../dofus-touch/www/game/items/52/7001.w40h40.png
armes,Dagues de Fouraille,Dague,Niv. 2,https://static.ankama.com/dofus-touch/www/img/../../../dofus-touch/www/game/items/52/5003.w40h40.png
armes,La Queue,Épée,Niv. 2,https://static.ankama.com/dofus-touch/www/img/../../../dofus-touch/www/game/items/52/6018.w40h40.png
armes,Marteau Martel,Marteau,Niv. 2,https://static.ankama.com/dofus-touch/www/img/../../../dofus-touch/www/game/items/52/7002.w40h40.png
armes,Baguette de Boisaille,Baguette,Niv. 2,https://static.ankama.com/dofus-touch/www/img/../../../dofus-touch/www/game/items/52/3008.w40h40.png
armes,Pelle de Crapouille,Pelle,Niv. 2,https://static.ankama.com/dofus-touch/www/img/../../../dofus-touch/www/game/items/52/8004.w40h40.png
armes,Arc Hade,Arc,Niv. 2,https://static.ankama.com/dofus-touch/www/img/../../../dofus-touch/www/game/items/52/2001.w40h40.png
armes,Demi-Baguette,Baguette,Niv. 2,https://static.ankama.com/dofus-touch/www/img/../../../dofus-touch/www/game/items/52/3013.w40h40.png
armes,Arc de Boisaille,Arc,Niv. 2,https://static.ankama.com/dofus-touch/www/img/../../../dofus-touch/www/game/items/52/2001.w40h40.png
armes,Bâton de Boisaille,Bâton,Niv. 2,https://static.ankama.com/dofus-touch/www/img/../../../dofus-touch/www/game/items/52/4001.w40h40.png
armes,Pelle de Boisaille,Pelle,Niv. 2,https://static.ankama.com/dofus-touch/www/img/../../../dofus-touch/www/game/items/52/8001.w40h40.png
armes,Aiguilles et Fil,Outil,Niv. 1,https://static.ankama.com/dofus-touch/www/img/../../../dofus-touch/www/game/items/52/20004.w40h40.png
armes,Le Bâton d'Amour,Outil,Niv. 1,https://static.ankama.com/dofus-touch/www/img/../../../dofus-touch/www/game/items/52/20008.w40h40.png
armes,Lame de chasse,Outil,Niv. 1,https://static.ankama.com/dofus-touch/www/img/../../../dofus-touch/www/game/items/52/20016.w40h40.png
armes,Lance de Chasse,Outil,Niv. 1,https://static.ankama.com/dofus-touch/www/img/../../../dofus-touch/www/game/items/52/20017.w40h40.png
armes,Baguette de Chasse,Outil,Niv. 1,https://static.ankama.com/dofus-touch/www/img/../../../dofus-touch/www/game/items/52/3001.w40h40.png
armes,Pioche du Mineur,Pioche,Niv. 1,https://static.ankama.com/dofus-touch/www/img/../../../dofus-touch/www/game/items/52/21001.w40h40.png
armes,Canne à Pêche Courte,Outil,Niv. 1,https://static.ankama.com/dofus-touch/www/img/../../../dofus-touch/www/game/items/52/20008.w40h40.png
armes,Flûte,Outil,Niv. 1,https://static.ankama.com/dofus-touch/www/img/../../../dofus-touch/www/game/items/52/20006.w40h40.png
armes,Canne Harpon,Outil,Niv. 1,https://static.ankama.com/dofus-touch/www/img/../../../dofus-touch/www/game/items/52/20008.w40h40.png
armes,Canne Cubique,Outil,Niv. 1,https://static.ankama.com/dofus-touch/www/img/../../../dofus-touch/www/game/items/52/20008.w40h40.png
armes,Grande Canne à Pêche,Outil,Niv. 1,https://static.ankama.com/dofus-touch/www/img/../../../dofus-touch/www/game/items/52/20008.w40h40.png
armes,Hache de chasse,Outil,Niv. 1,https://static.ankama.com/dofus-touch/www/img/../../../dofus-touch/www/game/items/52/20015.w40h40.png
armes,Marteau de chasse,Outil,Niv. 1,https://static.ankama.com/dofus-touch/www/img/../../../dofus-touch/www/game/items/52/7009.w40h40.png
armes,Hachoir de Boucher,Outil,Niv. 1,https://static.ankama.com/dofus-touch/www/img/../../../dofus-touch/www/game/items/52/20012.w40h40.png
armes,Canne à Pichon,Outil,Niv. 1,https://static.ankama.com/dofus-touch/www/img/../../../dofus-touch/www/game/items/52/20008.w40h40.png
armes,Canne à Kralamour,Outil,Niv. 1,https://static.ankama.com/dofus-touch/www/img/../../../dofus-touch/www/game/items/52/20008.w40h40.png
armes,Gants de l'apprenti alchimiste,Outil,Niv. 1,https://static.ankama.com/dofus-touch/www/img/../../../dofus-touch/www/game/items/52/20005.w40h40.png
armes,Epée Tulante du débutant,Épée,Niv. 1,https://static.ankama.com/dofus-touch/www/img/../../../dofus-touch/www/game/items/52/6096.w40h40.png
armes,Marteau de Combattant d'Albuera,Marteau,Niv. 1,https://static.ankama.com/dofus-touch/www/img/../../../dofus-touch/www/game/items/52/172093.w40h40.png
armes,La Grande Perche,Outil,Niv. 1,https://static.ankama.com/dofus-touch/www/img/../../../dofus-touch/www/game/items/52/20008.w40h40.png
armes,Canne à Koinkoin,Outil,Niv. 1,https://static.ankama.com/dofus-touch/www/img/../../../dofus-touch/www/game/items/52/20008.w40h40.png
armes,Ciseaux à rose démoniaque,Outil,Niv. 1,https://static.ankama.com/dofus-touch/www/img/../../../dofus-touch/www/game/items/52/20022.w40h40.png
armes,Epée de Nowel,Épée,Niv. 1,https://static.ankama.com/dofus-touch/www/img/../../../dofus-touch/www/game/items/52/6069.w40h40.png
armes,Marteau de Forgeur de Grattoir,Marteau,Niv. 1,https://static.ankama.com/dofus-touch/www/img/../../../dofus-touch/www/game/items/52/7002.w40h40.png
armes,Mains Vertes,Outil,Niv. 1,https://static.ankama.com/dofus-touch/www/img/../../../dofus-touch/www/game/items/52/20005.w40h40.png
armes,Canne à Chô,Outil,Niv. 1,https://static.ankama.com/dofus-touch/www/img/../../../dofus-touch/www/game/items/52/20008.w40h40.png
armes,Canne à Pêche Standard,Outil,Niv. 1,https://static.ankama.com/dofus-touch/www/img/../../../dofus-touch/www/game/items/52/20008.w40h40.png
armes,Couteau de Chasse,Outil,Niv. 1,https://static.ankama.com/dofus-touch/www/img/../../../dofus-touch/www/game/items/52/20014.w40h40.png
armes,Hachoir de poissonnier,Outil,Niv. 1,https://static.ankama.com/dofus-touch/www/img/../../../dofus-touch/www/game/items/52/20013.w40h40.png
armes,Aiguille du Costumage,Outil,Niv. 1,https://static.ankama.com/dofus-touch/www/img/../../../dofus-touch/www/game/items/52/20023.w40h40.png
armes,Pinceau,Outil,Niv. 1,https://static.ankama.com/dofus-touch/www/img/../../../dofus-touch/www/game/items/52/20024.w40h40.png
armes,Loupe,Outil,Niv. 1,https://static.ankama.com/dofus-touch/www/img/../../../dofus-touch/www/game/items/52/20003.w40h40.png
armes,Le Pétrisseur,Outil,Niv. 1,https://static.ankama.com/dofus-touch/www/img/../../../dofus-touch/www/game/items/52/20001.w40h40.png
armes,L'aiguille à Tricoter,Outil,Niv. 1,https://static.ankama.com/dofus-touch/www/img/../../../dofus-touch/www/game/items/52/20008.w40h40.png
armes,Canne à Pêche Téléscopique,Outil,Niv. 1,https://static.ankama.com/dofus-touch/www/img/../../../dofus-touch/www/game/items/52/20008.w40h40.png
armes,Pelle Chasseuse,Outil,Niv. 1,https://static.ankama.com/dofus-touch/www/img/../../../dofus-touch/www/game/items/52/20009.w40h40.png
armes,Arc de Chasse,Outil,Niv. 1,https://static.ankama.com/dofus-touch/www/img/../../../dofus-touch/www/game/items/52/20010.w40h40.png
armes,Bouquet de Roses démoniaques,Épée,Niv. 1,https://static.ankama.com/dofus-touch/www/img/../../../dofus-touch/www/game/items/52/6047.w40h40.png
