job_name,item_name,item_image_url
Alchimiste,Fleur de Lin,https://static.ankama.com/dofus-touch/www/img/../../../dofus-touch/www/game/items/52/35117.w40h40.png
Alchimiste,Fleur de Chanvre,https://static.ankama.com/dofus-touch/www/img/../../../dofus-touch/www/game/items/52/35156.w40h40.png
Alchimiste,Trèfle à 5 feuilles,https://static.ankama.com/dofus-touch/www/img/../../../dofus-touch/www/game/items/52/36067.w40h40.png
Alchimiste,Feuille de Menthe Sauvage,https://static.ankama.com/dofus-touch/www/img/../../../dofus-touch/www/game/items/52/36052.w40h40.png
Alchimiste,Orchidée Freyesque,https://static.ankama.com/dofus-touch/www/img/../../../dofus-touch/www/game/items/52/35192.w40h40.png
Alchimiste,Edelweiss,https://static.ankama.com/dofus-touch/www/img/../../../dofus-touch/www/game/items/52/35191.w40h40.png
Alchimiste,Graine de Pandouille,https://static.ankama.com/dofus-touch/www/img/../../../dofus-touch/www/game/items/52/58067.w40h40.png
Alchimiste,Perce-Neige,https://static.ankama.com/dofus-touch/www/img/../../../dofus-touch/www/game/items/52/35635.w40h40.png
Bijoutier,Amulette du Loup,https://static.ankama.com/dofus-touch/www/img/../../../dofus-touch/www/game/items/52/1006.w40h40.png
Bijoutier,Pendentif du Hibou Chétif,https://static.ankama.com/dofus-touch/www/img/../../../dofus-touch/www/game/items/52/1001.w40h40.png
Bijoutier,Anneau Rexik,https://static.ankama.com/dofus-touch/www/img/../../../dofus-touch/www/game/items/52/9031.w40h40.png
Bijoutier,Anneau Vitalesque,https://static.ankama.com/dofus-touch/www/img/../../../dofus-touch/www/game/items/52/9002.w40h40.png
Bijoutier,Anneau Forcesque,https://static.ankama.com/dofus-touch/www/img/../../../dofus-touch/www/game/items/52/9005.w40h40.png
Bijoutier,Anneau Agilesque,https://static.ankama.com/dofus-touch/www/img/../../../dofus-touch/www/game/items/52/9001.w40h40.png
Bijoutier,Le S'Mesme,https://static.ankama.com/dofus-touch/www/img/../../../dofus-touch/www/game/items/52/1120.w40h40.png
Bijoutier,Camaïneux,https://static.ankama.com/dofus-touch/www/img/../../../dofus-touch/www/game/items/52/9033.w40h40.png
Bijoutier,Le Plussain,https://static.ankama.com/dofus-touch/www/img/../../../dofus-touch/www/game/items/52/9125.w40h40.png
Bijoutier,Petite Amulette de l'Ours,https://static.ankama.com/dofus-touch/www/img/../../../dofus-touch/www/game/items/52/1005.w40h40.png
Bijoutier,Gantie Royal,https://static.ankama.com/dofus-touch/www/img/../../../dofus-touch/www/game/items/52/9008.w40h40.png
Bijoutier,Anneau de l'Aventurier,https://static.ankama.com/dofus-touch/www/img/../../../dofus-touch/www/game/items/52/9048.w40h40.png
Bijoutier,Anneau de Sagesse,https://static.ankama.com/dofus-touch/www/img/../../../dofus-touch/www/game/items/52/9007.w40h40.png
Bijoutier,Collier de l'Arc en Ciel,https://static.ankama.com/dofus-touch/www/img/../../../dofus-touch/www/game/items/52/1011.w40h40.png
Bijoutier,Koliet Aclou,https://static.ankama.com/dofus-touch/www/img/../../../dofus-touch/www/game/items/52/1034.w40h40.png
Bijoutier,Amulette de l'Aventurier,https://static.ankama.com/dofus-touch/www/img/../../../dofus-touch/www/game/items/52/1052.w40h40.png
Bijoutier,La Larme du Bouftou,https://static.ankama.com/dofus-touch/www/img/../../../dofus-touch/www/game/items/52/1007.w40h40.png
Bijoutier,Amulette de Krokette,https://static.ankama.com/dofus-touch/www/img/../../../dofus-touch/www/game/items/52/1007.w40h40.png
Bijoutier,Anneau de Chance,https://static.ankama.com/dofus-touch/www/img/../../../dofus-touch/www/game/items/52/9009.w40h40.png
Bijoutier,Anneau d'Agilité,https://static.ankama.com/dofus-touch/www/img/../../../dofus-touch/www/game/items/52/9001.w40h40.png
Bijoutier,Anneau Fortifiant,https://static.ankama.com/dofus-touch/www/img/../../../dofus-touch/www/game/items/52/9029.w40h40.png
Bijoutier,Grenouillette,https://static.ankama.com/dofus-touch/www/img/../../../dofus-touch/www/game/items/52/1002.w40h40.png
Bijoutier,La Destinée Dorée,https://static.ankama.com/dofus-touch/www/img/../../../dofus-touch/www/game/items/52/1009.w40h40.png
Bijoutier,L'Anneau de Valeur,https://static.ankama.com/dofus-touch/www/img/../../../dofus-touch/www/game/items/52/9007.w40h40.png
Bijoutier,Amulette du Petit Hibou,https://static.ankama.com/dofus-touch/www/img/../../../dofus-touch/www/game/items/52/1001.w40h40.png
Boucher,Nuggets,https://static.ankama.com/dofus-touch/www/img/../../../dofus-touch/www/game/items/52/69115.w40h40.png
Boucher,Nuggets **,https://static.ankama.com/dofus-touch/www/img/../../../dofus-touch/www/game/items/52/69116.w40h40.png
Boucher,Larve croque-sel,https://static.ankama.com/dofus-touch/www/img/../../../dofus-touch/www/game/items/52/69112.w40h40.png
Boucher,Larve croque-sel **,https://static.ankama.com/dofus-touch/www/img/../../../dofus-touch/www/game/items/52/69113.w40h40.png
Boucher,Larve croque-sel ***,https://static.ankama.com/dofus-touch/www/img/../../../dofus-touch/www/game/items/52/69114.w40h40.png
Boucher,Boulettes d'Insecte,https://static.ankama.com/dofus-touch/www/img/../../../dofus-touch/www/game/items/52/69110.w40h40.png
Boucher,Boulettes d'Insecte **,https://static.ankama.com/dofus-touch/www/img/../../../dofus-touch/www/game/items/52/69110.w40h40.png
Boucher,Cuisse de bouftou rôti,https://static.ankama.com/dofus-touch/www/img/../../../dofus-touch/www/game/items/52/69123.w40h40.png
Boucher,Cuisse de bouftou rôti **,https://static.ankama.com/dofus-touch/www/img/../../../dofus-touch/www/game/items/52/69122.w40h40.png
Boucher,Cuisse de bouftou rôti ***,https://static.ankama.com/dofus-touch/www/img/../../../dofus-touch/www/game/items/52/69124.w40h40.png
Boucher,Cuisse de bouftou rôti ****,https://static.ankama.com/dofus-touch/www/img/../../../dofus-touch/www/game/items/52/69125.w40h40.png
Boucher,Bifstèque de Dragoviande,https://static.ankama.com/dofus-touch/www/img/../../../dofus-touch/www/game/items/52/69118.w40h40.png
Boucher,Bifstèque de Dragoviande **,https://static.ankama.com/dofus-touch/www/img/../../../dofus-touch/www/game/items/52/69119.w40h40.png
Boucher,Bifstèque de Dragoviande ***,https://static.ankama.com/dofus-touch/www/img/../../../dofus-touch/www/game/items/52/69120.w40h40.png
Boucher,Bifstèque de Dragoviande ****,https://static.ankama.com/dofus-touch/www/img/../../../dofus-touch/www/game/items/52/69121.w40h40.png
Boucher,Wabbit gwillé,https://static.ankama.com/dofus-touch/www/img/../../../dofus-touch/www/game/items/52/69131.w40h40.png
Boucher,Wabbit gwillé **,https://static.ankama.com/dofus-touch/www/img/../../../dofus-touch/www/game/items/52/69131.w40h40.png
Boucher,Wabbit gwillé ***,https://static.ankama.com/dofus-touch/www/img/../../../dofus-touch/www/game/items/52/69131.w40h40.png
Boucher,Wabbit gwillé ****,https://static.ankama.com/dofus-touch/www/img/../../../dofus-touch/www/game/items/52/69131.w40h40.png
Boucher,Jambon cuit,https://static.ankama.com/dofus-touch/www/img/../../../dofus-touch/www/game/items/52/69130.w40h40.png
Boucher,Jambon cuit **,https://static.ankama.com/dofus-touch/www/img/../../../dofus-touch/www/game/items/52/69130.w40h40.png
Boucher,Jambon cuit ***,https://static.ankama.com/dofus-touch/www/img/../../../dofus-touch/www/game/items/52/69130.w40h40.png
Boucher,Jambon cuit ****,https://static.ankama.com/dofus-touch/www/img/../../../dofus-touch/www/game/items/52/69130.w40h40.png
Boucher,Salade de Museau,https://static.ankama.com/dofus-touch/www/img/../../../dofus-touch/www/game/items/52/69129.w40h40.png
Boucher,Salade de Museau **,https://static.ankama.com/dofus-touch/www/img/../../../dofus-touch/www/game/items/52/69129.w40h40.png
Boulanger,Monstre Pain,https://static.ankama.com/dofus-touch/www/img/../../../dofus-touch/www/game/items/52/33012.w40h40.png
Boulanger,Chapain,https://static.ankama.com/dofus-touch/www/img/../../../dofus-touch/www/game/items/52/33004.w40h40.png
Boulanger,Sucre d'Orge,https://static.ankama.com/dofus-touch/www/img/../../../dofus-touch/www/game/items/52/42128.w40h40.png
Boulanger,Pain consistant magique,https://static.ankama.com/dofus-touch/www/img/../../../dofus-touch/www/game/items/52/33012.w40h40.png
Boulanger,Pain d'Amakna,https://static.ankama.com/dofus-touch/www/img/../../../dofus-touch/www/game/items/52/33013.w40h40.png
Boulanger,Pain Consistant,https://static.ankama.com/dofus-touch/www/img/../../../dofus-touch/www/game/items/52/33012.w40h40.png
Boulanger,Pain Doré,https://static.ankama.com/dofus-touch/www/img/../../../dofus-touch/www/game/items/52/33019.w40h40.png
Boulanger,Gaufrette Dorée,https://static.ankama.com/dofus-touch/www/img/../../../dofus-touch/www/game/items/52/170740.w40h40.png
Boulanger,Pain aux Flocons d'Avoine Aurifère,https://static.ankama.com/dofus-touch/www/img/../../../dofus-touch/www/game/items/52/33005.w40h40.png
Boulanger,Pain de Seigle Résistant,https://static.ankama.com/dofus-touch/www/img/../../../dofus-touch/www/game/items/52/33009.w40h40.png
Boulanger,Pain des Villes,https://static.ankama.com/dofus-touch/www/img/../../../dofus-touch/www/game/items/52/33069.w40h40.png
Boulanger,Pain aux Flocons d'Avoine,https://static.ankama.com/dofus-touch/www/img/../../../dofus-touch/www/game/items/52/33005.w40h40.png
Boulanger,Pain aux Grains de Poivre,https://static.ankama.com/dofus-touch/www/img/../../../dofus-touch/www/game/items/52/33010.w40h40.png
Boulanger,Pain aux Graines de Sésame,https://static.ankama.com/dofus-touch/www/img/../../../dofus-touch/www/game/items/52/33011.w40h40.png
Boulanger,Pain de Seigle,https://static.ankama.com/dofus-touch/www/img/../../../dofus-touch/www/game/items/52/33009.w40h40.png
Boulanger,Briochette,https://static.ankama.com/dofus-touch/www/img/../../../dofus-touch/www/game/items/52/33015.w40h40.png
Boulanger,Briochette magique,https://static.ankama.com/dofus-touch/www/img/../../../dofus-touch/www/game/items/52/33008.w40h40.png
Boulanger,Pain au Blé Complet,https://static.ankama.com/dofus-touch/www/img/../../../dofus-touch/www/game/items/52/33007.w40h40.png
Boulanger,Pain aux Graines de Lin,https://static.ankama.com/dofus-touch/www/img/../../../dofus-touch/www/game/items/52/33012.w40h40.png
Boulanger,Pain aux Noisettes,https://static.ankama.com/dofus-touch/www/img/../../../dofus-touch/www/game/items/52/33018.w40h40.png
Boulanger,Brioche à la viande de bouftou,https://static.ankama.com/dofus-touch/www/img/../../../dofus-touch/www/game/items/52/33071.w40h40.png
Boulanger,Blopisier empoisonné,https://static.ankama.com/dofus-touch/www/img/../../../dofus-touch/www/game/items/52/33406.w40h40.png
Boulanger,Pain des Champs,https://static.ankama.com/dofus-touch/www/img/../../../dofus-touch/www/game/items/52/33068.w40h40.png
Boulanger,Pain aux Noix,https://static.ankama.com/dofus-touch/www/img/../../../dofus-touch/www/game/items/52/33014.w40h40.png
Boulanger,Blugely,https://static.ankama.com/dofus-touch/www/img/../../../dofus-touch/www/game/items/52/42022.w40h40.png
Bricoleur,Le Pétrisseur,https://static.ankama.com/dofus-touch/www/img/../../../dofus-touch/www/game/items/52/20001.w40h40.png
Bricoleur,Filet simple de capture,https://static.ankama.com/dofus-touch/www/img/../../../dofus-touch/www/game/items/52/99001.w40h40.png
Bricoleur,Mains Vertes,https://static.ankama.com/dofus-touch/www/img/../../../dofus-touch/www/game/items/52/20005.w40h40.png
Bricoleur,Guildalogemme,https://static.ankama.com/dofus-touch/www/img/../../../dofus-touch/www/game/items/52/50229.w40h40.png
Bricoleur,Couteau de Chasse,https://static.ankama.com/dofus-touch/www/img/../../../dofus-touch/www/game/items/52/20014.w40h40.png
Bricoleur,Hachoir de Boucher,https://static.ankama.com/dofus-touch/www/img/../../../dofus-touch/www/game/items/52/20012.w40h40.png
Bricoleur,Rune du Mineur,https://static.ankama.com/dofus-touch/www/img/../../../dofus-touch/www/game/items/52/88006.w40h40.png
Bricoleur,Rune du Paysan,https://static.ankama.com/dofus-touch/www/img/../../../dofus-touch/www/game/items/52/88007.w40h40.png
Bricoleur,Rune de l'Alchimiste,https://static.ankama.com/dofus-touch/www/img/../../../dofus-touch/www/game/items/52/88003.w40h40.png
Bricoleur,Rune du Bijoutier,https://static.ankama.com/dofus-touch/www/img/../../../dofus-touch/www/game/items/52/88010.w40h40.png
Bricoleur,Rune du Boucher,https://static.ankama.com/dofus-touch/www/img/../../../dofus-touch/www/game/items/52/88009.w40h40.png
Bricoleur,Rune du Boulanger,https://static.ankama.com/dofus-touch/www/img/../../../dofus-touch/www/game/items/52/88001.w40h40.png
Bricoleur,Rune du Bûcheron,https://static.ankama.com/dofus-touch/www/img/../../../dofus-touch/www/game/items/52/88021.w40h40.png
Bricoleur,Rune du Chasseur,https://static.ankama.com/dofus-touch/www/img/../../../dofus-touch/www/game/items/52/88008.w40h40.png
Bricoleur,Rune du Cordonnier,https://static.ankama.com/dofus-touch/www/img/../../../dofus-touch/www/game/items/52/88011.w40h40.png
Bricoleur,Rune du Forgeur d'Epées,https://static.ankama.com/dofus-touch/www/img/../../../dofus-touch/www/game/items/52/88012.w40h40.png
Bricoleur,Rune du Façonneur,https://static.ankama.com/dofus-touch/www/img/../../../dofus-touch/www/game/items/52/88025.w40h40.png
Bricoleur,Rune du Forgeur de Dagues,https://static.ankama.com/dofus-touch/www/img/../../../dofus-touch/www/game/items/52/88013.w40h40.png
Bricoleur,Rune du Forgeur de Haches,https://static.ankama.com/dofus-touch/www/img/../../../dofus-touch/www/game/items/52/88014.w40h40.png
Bricoleur,Rune du Forgeur de Marteaux,https://static.ankama.com/dofus-touch/www/img/../../../dofus-touch/www/game/items/52/88015.w40h40.png
Bricoleur,Rune du Forgeur de Pelles,https://static.ankama.com/dofus-touch/www/img/../../../dofus-touch/www/game/items/52/88016.w40h40.png
Bricoleur,Rune du Poissonnier,https://static.ankama.com/dofus-touch/www/img/../../../dofus-touch/www/game/items/52/88005.w40h40.png
Bricoleur,Rune du Pêcheur,https://static.ankama.com/dofus-touch/www/img/../../../dofus-touch/www/game/items/52/88004.w40h40.png
Bricoleur,Rune du Sculpteur d'Arcs,https://static.ankama.com/dofus-touch/www/img/../../../dofus-touch/www/game/items/52/88017.w40h40.png
Bricoleur,Rune du Sculpteur de Baguettes,https://static.ankama.com/dofus-touch/www/img/../../../dofus-touch/www/game/items/52/88018.w40h40.png
Bûcheron,Bois de Frêne,https://static.ankama.com/dofus-touch/www/img/../../../dofus-touch/www/game/items/52/38017.w40h40.png
Bûcheron,Bois de Châtaignier,https://static.ankama.com/dofus-touch/www/img/../../../dofus-touch/www/game/items/52/38086.w40h40.png
Bûcheron,Bois de Noyer,https://static.ankama.com/dofus-touch/www/img/../../../dofus-touch/www/game/items/52/38095.w40h40.png
Bûcheron,Bois de Chêne,https://static.ankama.com/dofus-touch/www/img/../../../dofus-touch/www/game/items/52/38092.w40h40.png
Bûcheron,Bois d'Erable,https://static.ankama.com/dofus-touch/www/img/../../../dofus-touch/www/game/items/52/38153.w40h40.png
Bûcheron,Bois d'If,https://static.ankama.com/dofus-touch/www/img/../../../dofus-touch/www/game/items/52/38094.w40h40.png
Bûcheron,Bois de Bombu,https://static.ankama.com/dofus-touch/www/img/../../../dofus-touch/www/game/items/52/38482.w40h40.png
Bûcheron,Bois d'Oliviolet,https://static.ankama.com/dofus-touch/www/img/../../../dofus-touch/www/game/items/52/38481.w40h40.png
Bûcheron,Bois de Bambou,https://static.ankama.com/dofus-touch/www/img/../../../dofus-touch/www/game/items/52/38673.w40h40.png
Bûcheron,Bois de Merisier,https://static.ankama.com/dofus-touch/www/img/../../../dofus-touch/www/game/items/52/38139.w40h40.png
Bûcheron,Bois de Bambou Sombre,https://static.ankama.com/dofus-touch/www/img/../../../dofus-touch/www/game/items/52/38672.w40h40.png
Bûcheron,Bois d'Ebène,https://static.ankama.com/dofus-touch/www/img/../../../dofus-touch/www/game/items/52/38073.w40h40.png
Bûcheron,Bois de Kaliptus,https://static.ankama.com/dofus-touch/www/img/../../../dofus-touch/www/game/items/52/38001.w40h40.png
Bûcheron,Bois de Charme,https://static.ankama.com/dofus-touch/www/img/../../../dofus-touch/www/game/items/52/38138.w40h40.png
Bûcheron,Bois d'Orme,https://static.ankama.com/dofus-touch/www/img/../../../dofus-touch/www/game/items/52/38140.w40h40.png
Bûcheron,Bois de Bambou Sacré,https://static.ankama.com/dofus-touch/www/img/../../../dofus-touch/www/game/items/52/38671.w40h40.png
Bûcheron,Bois de Tremble,https://static.ankama.com/dofus-touch/www/img/../../../dofus-touch/www/game/items/52/38677.w40h40.png
Chasseur,Viande d'Oiseau Conservée,https://static.ankama.com/dofus-touch/www/img/../../../dofus-touch/www/game/items/52/64351.w40h40.png
Chasseur,Épices,https://static.ankama.com/dofus-touch/www/img/../../../dofus-touch/www/game/items/52/15378.w40h40.png
Chasseur,Chair de Larve Conservée,https://static.ankama.com/dofus-touch/www/img/../../../dofus-touch/www/game/items/52/64383.w40h40.png
Chasseur,Chair d'Insecte Conservée,https://static.ankama.com/dofus-touch/www/img/../../../dofus-touch/www/game/items/52/64384.w40h40.png
Chasseur,Chair de Larve Conservée **,https://static.ankama.com/dofus-touch/www/img/../../../dofus-touch/www/game/items/52/64383.w40h40.png
Chasseur,Cuisse de Bouftou Conservée,https://static.ankama.com/dofus-touch/www/img/../../../dofus-touch/www/game/items/52/64338.w40h40.png
Chasseur,Chair de Larve Conservée ***,https://static.ankama.com/dofus-touch/www/img/../../../dofus-touch/www/game/items/52/64383.w40h40.png
Chasseur,Cuisse de Wabbit Conservée,https://static.ankama.com/dofus-touch/www/img/../../../dofus-touch/www/game/items/52/64344.w40h40.png
Chasseur,Cuisse de Bouftou Conservée **,https://static.ankama.com/dofus-touch/www/img/../../../dofus-touch/www/game/items/52/64339.w40h40.png
Chasseur,Museau Conservé,https://static.ankama.com/dofus-touch/www/img/../../../dofus-touch/www/game/items/52/64385.w40h40.png
Chasseur,Carré de Porc Conservé,https://static.ankama.com/dofus-touch/www/img/../../../dofus-touch/www/game/items/52/64358.w40h40.png
Chasseur,Cuisse de Bouftou Conservée ***,https://static.ankama.com/dofus-touch/www/img/../../../dofus-touch/www/game/items/52/64340.w40h40.png
Chasseur,Cuisse de Wabbit Conservée **,https://static.ankama.com/dofus-touch/www/img/../../../dofus-touch/www/game/items/52/64345.w40h40.png
Chasseur,Viande d'Oiseau Conservée **,https://static.ankama.com/dofus-touch/www/img/../../../dofus-touch/www/game/items/52/64352.w40h40.png
Chasseur,Dragoviande Conservée,https://static.ankama.com/dofus-touch/www/img/../../../dofus-touch/www/game/items/52/64386.w40h40.png
Chasseur,Cuisse de Bouftou Conservée ****,https://static.ankama.com/dofus-touch/www/img/../../../dofus-touch/www/game/items/52/64341.w40h40.png
Chasseur,Chair d'Insecte Conservée **,https://static.ankama.com/dofus-touch/www/img/../../../dofus-touch/www/game/items/52/64384.w40h40.png
Chasseur,Viande d'Oiseau Conservée ***,https://static.ankama.com/dofus-touch/www/img/../../../dofus-touch/www/game/items/52/170746.w40h40.png
Chasseur,Carré de Porc Conservé **,https://static.ankama.com/dofus-touch/www/img/../../../dofus-touch/www/game/items/52/64358.w40h40.png
Chasseur,Museau Conservé **,https://static.ankama.com/dofus-touch/www/img/../../../dofus-touch/www/game/items/52/64385.w40h40.png
Chasseur,Dragoviande Conservée **,https://static.ankama.com/dofus-touch/www/img/../../../dofus-touch/www/game/items/52/64386.w40h40.png
Chasseur,Cuisse de Wabbit Conservée ***,https://static.ankama.com/dofus-touch/www/img/../../../dofus-touch/www/game/items/52/64346.w40h40.png
Chasseur,Carré de Porc Conservé ***,https://static.ankama.com/dofus-touch/www/img/../../../dofus-touch/www/game/items/52/64358.w40h40.png
Chasseur,Viande d'Oiseau Conservée ****,https://static.ankama.com/dofus-touch/www/img/../../../dofus-touch/www/game/items/52/64353.w40h40.png
Chasseur,Carré de Porc Conservé ****,https://static.ankama.com/dofus-touch/www/img/../../../dofus-touch/www/game/items/52/64358.w40h40.png
Cordonnier,Bottes du Boufton,https://static.ankama.com/dofus-touch/www/img/../../../dofus-touch/www/game/items/52/11003.w40h40.png
Cordonnier,Les Incrustes,https://static.ankama.com/dofus-touch/www/img/../../../dofus-touch/www/game/items/52/11099.w40h40.png
Cordonnier,La Spamette,https://static.ankama.com/dofus-touch/www/img/../../../dofus-touch/www/game/items/52/10114.w40h40.png
Cordonnier,Ceinture Vitalesque,https://static.ankama.com/dofus-touch/www/img/../../../dofus-touch/www/game/items/52/10009.w40h40.png
Cordonnier,Ceinture de Chance,https://static.ankama.com/dofus-touch/www/img/../../../dofus-touch/www/game/items/52/10003.w40h40.png
Cordonnier,Bottes de l'Aventurier,https://static.ankama.com/dofus-touch/www/img/../../../dofus-touch/www/game/items/52/11032.w40h40.png
Cordonnier,Ceinture Forcesque,https://static.ankama.com/dofus-touch/www/img/../../../dofus-touch/www/game/items/52/10011.w40h40.png
Cordonnier,Ceinture Agilesque,https://static.ankama.com/dofus-touch/www/img/../../../dofus-touch/www/game/items/52/10008.w40h40.png
Cordonnier,Sandales d'Intelligence,https://static.ankama.com/dofus-touch/www/img/../../../dofus-touch/www/game/items/52/11004.w40h40.png
Cordonnier,Bottes Agilesques,https://static.ankama.com/dofus-touch/www/img/../../../dofus-touch/www/game/items/52/11005.w40h40.png
Cordonnier,Bottes de Chance,https://static.ankama.com/dofus-touch/www/img/../../../dofus-touch/www/game/items/52/11001.w40h40.png
Cordonnier,Ceinture de l'aventurier,https://static.ankama.com/dofus-touch/www/img/../../../dofus-touch/www/game/items/52/10033.w40h40.png
Cordonnier,Ceinture du Kwabe,https://static.ankama.com/dofus-touch/www/img/../../../dofus-touch/www/game/items/52/10049.w40h40.png
Cordonnier,Sandales Tofuesques,https://static.ankama.com/dofus-touch/www/img/../../../dofus-touch/www/game/items/52/11004.w40h40.png
Cordonnier,Ceinture de Poche,https://static.ankama.com/dofus-touch/www/img/../../../dofus-touch/www/game/items/52/10016.w40h40.png
Cordonnier,Ceinture de Sécurité,https://static.ankama.com/dofus-touch/www/img/../../../dofus-touch/www/game/items/52/10007.w40h40.png
Cordonnier,Einekeineux,https://static.ankama.com/dofus-touch/www/img/../../../dofus-touch/www/game/items/52/11005.w40h40.png
Cordonnier,Bottes de Klime,https://static.ankama.com/dofus-touch/www/img/../../../dofus-touch/www/game/items/52/11009.w40h40.png
Cordonnier,Bottes de Nexus,https://static.ankama.com/dofus-touch/www/img/../../../dofus-touch/www/game/items/52/11016.w40h40.png
Cordonnier,Bottes de Satisfaction,https://static.ankama.com/dofus-touch/www/img/../../../dofus-touch/www/game/items/52/11038.w40h40.png
Cordonnier,Fecaflip,https://static.ankama.com/dofus-touch/www/img/../../../dofus-touch/www/game/items/52/11003.w40h40.png
Cordonnier,Bottes de Kluh,https://static.ankama.com/dofus-touch/www/img/../../../dofus-touch/www/game/items/52/11003.w40h40.png
Cordonnier,Ceinture du Piou Rouge,https://static.ankama.com/dofus-touch/www/img/../../../dofus-touch/www/game/items/52/10096.w40h40.png
Cordonnier,Ceinture du Piou Bleu,https://static.ankama.com/dofus-touch/www/img/../../../dofus-touch/www/game/items/52/10097.w40h40.png
Cordonnier,Ceinture du Piou Violet,https://static.ankama.com/dofus-touch/www/img/../../../dofus-touch/www/game/items/52/10098.w40h40.png
Façonneur,Sphère à Metarias,https://static.ankama.com/dofus-touch/www/img/../../../dofus-touch/www/game/items/52/66240.w40h40.png
Façonneur,Bouclier de Guilde,https://static.ankama.com/dofus-touch/www/img/../../../dofus-touch/www/game/items/52/82072.w40h40.png
Façonneur,Bouclier d'Alliance,https://static.ankama.com/dofus-touch/www/img/../../../dofus-touch/www/game/items/52/82080.w40h40.png
Façonneur,Metaria rouge,https://static.ankama.com/dofus-touch/www/img/../../../dofus-touch/www/game/items/52/66241.w40h40.png
Façonneur,Metaria bleue,https://static.ankama.com/dofus-touch/www/img/../../../dofus-touch/www/game/items/52/66244.w40h40.png
Façonneur,Metaria jaune,https://static.ankama.com/dofus-touch/www/img/../../../dofus-touch/www/game/items/52/66247.w40h40.png
Façonneur,Metaria verte,https://static.ankama.com/dofus-touch/www/img/../../../dofus-touch/www/game/items/52/66250.w40h40.png
Façonneur,Metaria Triame bleue,https://static.ankama.com/dofus-touch/www/img/../../../dofus-touch/www/game/items/52/66245.w40h40.png
Façonneur,Metaria Triame verte,https://static.ankama.com/dofus-touch/www/img/../../../dofus-touch/www/game/items/52/66248.w40h40.png
Façonneur,Metaria Triame rouge,https://static.ankama.com/dofus-touch/www/img/../../../dofus-touch/www/game/items/52/66242.w40h40.png
Façonneur,Metaria Triame jaune,https://static.ankama.com/dofus-touch/www/img/../../../dofus-touch/www/game/items/52/66251.w40h40.png
Façonneur,Bouclier du Bouftou,https://static.ankama.com/dofus-touch/www/img/../../../dofus-touch/www/game/items/52/82020.w40h40.png
Façonneur,Bouclier Akwadala,https://static.ankama.com/dofus-touch/www/img/../../../dofus-touch/www/game/items/52/82031.w40h40.png
Façonneur,Metaria Mage rouge,https://static.ankama.com/dofus-touch/www/img/../../../dofus-touch/www/game/items/52/66243.w40h40.png
Façonneur,Metaria Mage bleue,https://static.ankama.com/dofus-touch/www/img/../../../dofus-touch/www/game/items/52/66246.w40h40.png
Façonneur,Metaria Mage verte,https://static.ankama.com/dofus-touch/www/img/../../../dofus-touch/www/game/items/52/66252.w40h40.png
Façonneur,Metaria Mage jaune,https://static.ankama.com/dofus-touch/www/img/../../../dofus-touch/www/game/items/52/66249.w40h40.png
Façonneur,Tacleur mineur,https://static.ankama.com/dofus-touch/www/img/../../../dofus-touch/www/game/items/52/151079.w40h40.png
Façonneur,Fuyard mineur,https://static.ankama.com/dofus-touch/www/img/../../../dofus-touch/www/game/items/52/151034.w40h40.png
Façonneur,Ralentisseur mineur,https://static.ankama.com/dofus-touch/www/img/../../../dofus-touch/www/game/items/52/151067.w40h40.png
Façonneur,Engourdisseur mineur,https://static.ankama.com/dofus-touch/www/img/../../../dofus-touch/www/game/items/52/151022.w40h40.png
Façonneur,Fugitif mineur,https://static.ankama.com/dofus-touch/www/img/../../../dofus-touch/www/game/items/52/151028.w40h40.png
Façonneur,Insaisissable mineur,https://static.ankama.com/dofus-touch/www/img/../../../dofus-touch/www/game/items/52/151040.w40h40.png
Façonneur,Pousseur mineur,https://static.ankama.com/dofus-touch/www/img/../../../dofus-touch/www/game/items/52/151025.w40h40.png
Façonneur,Adamantin mineur,https://static.ankama.com/dofus-touch/www/img/../../../dofus-touch/www/game/items/52/151004.w40h40.png
Forgeur d'Epées,La Queue,https://static.ankama.com/dofus-touch/www/img/../../../dofus-touch/www/game/items/52/6018.w40h40.png
Forgeur d'Epées,Epée de Boisaille,https://static.ankama.com/dofus-touch/www/img/../../../dofus-touch/www/game/items/52/6007.w40h40.png
Forgeur d'Epées,Faux de Farle Ingalsse,https://static.ankama.com/dofus-touch/www/img/../../../dofus-touch/www/game/items/52/22001.w40h40.png
Forgeur d'Epées,Epée de Fouraille,https://static.ankama.com/dofus-touch/www/img/../../../dofus-touch/www/game/items/52/6002.w40h40.png
Forgeur d'Epées,Epée Sacrée,https://static.ankama.com/dofus-touch/www/img/../../../dofus-touch/www/game/items/52/6001.w40h40.png
Forgeur d'Epées,Epée d'Ha,https://static.ankama.com/dofus-touch/www/img/../../../dofus-touch/www/game/items/52/6006.w40h40.png
Forgeur d'Epées,Koupe-koupe,https://static.ankama.com/dofus-touch/www/img/../../../dofus-touch/www/game/items/52/6004.w40h40.png
Forgeur d'Epées,Epée du Chevalier de Glace,https://static.ankama.com/dofus-touch/www/img/../../../dofus-touch/www/game/items/52/6051.w40h40.png
Forgeur d'Epées,La Queue Infernale,https://static.ankama.com/dofus-touch/www/img/../../../dofus-touch/www/game/items/52/6018.w40h40.png
Forgeur d'Epées,Le Tranchant Infernal,https://static.ankama.com/dofus-touch/www/img/../../../dofus-touch/www/game/items/52/6013.w40h40.png
Forgeur d'Epées,La Triste Lame,https://static.ankama.com/dofus-touch/www/img/../../../dofus-touch/www/game/items/52/6005.w40h40.png
Forgeur d'Epées,La Klebik,https://static.ankama.com/dofus-touch/www/img/../../../dofus-touch/www/game/items/52/6011.w40h40.png
Forgeur d'Epées,Epée du Chevalier,https://static.ankama.com/dofus-touch/www/img/../../../dofus-touch/www/game/items/52/6009.w40h40.png
Forgeur d'Epées,Epée d'Alle,https://static.ankama.com/dofus-touch/www/img/../../../dofus-touch/www/game/items/52/6001.w40h40.png
Forgeur d'Epées,Lame du Bwork,https://static.ankama.com/dofus-touch/www/img/../../../dofus-touch/www/game/items/52/6013.w40h40.png
Forgeur d'Epées,Lame du Chafer,https://static.ankama.com/dofus-touch/www/img/../../../dofus-touch/www/game/items/52/6005.w40h40.png
Forgeur d'Epées,La crinière de Badoul,https://static.ankama.com/dofus-touch/www/img/../../../dofus-touch/www/game/items/52/6011.w40h40.png
Forgeur d'Epées,Lame du Chevaucheur de Karne,https://static.ankama.com/dofus-touch/www/img/../../../dofus-touch/www/game/items/52/6003.w40h40.png
Forgeur d'Epées,Faux usée du Paysan,https://static.ankama.com/dofus-touch/www/img/../../../dofus-touch/www/game/items/52/22002.w40h40.png
Forgeur d'Epées,La Griffe,https://static.ankama.com/dofus-touch/www/img/../../../dofus-touch/www/game/items/52/6033.w40h40.png
Forgeur d'Epées,Sabre Shodanwa,https://static.ankama.com/dofus-touch/www/img/../../../dofus-touch/www/game/items/52/6055.w40h40.png
Forgeur d'Epées,Goultard,https://static.ankama.com/dofus-touch/www/img/../../../dofus-touch/www/game/items/52/6017.w40h40.png
Forgeur d'Epées,Kwaklame du Vent,https://static.ankama.com/dofus-touch/www/img/../../../dofus-touch/www/game/items/52/6050.w40h40.png
Forgeur d'Epées,Kwaklame de Terre,https://static.ankama.com/dofus-touch/www/img/../../../dofus-touch/www/game/items/52/6053.w40h40.png
Forgeur d'Epées,Kwaklame de Glace,https://static.ankama.com/dofus-touch/www/img/../../../dofus-touch/www/game/items/52/6051.w40h40.png
Forgeur de Dagues,Dagues de Fouraille,https://static.ankama.com/dofus-touch/www/img/../../../dofus-touch/www/game/items/52/5003.w40h40.png
Forgeur de Dagues,Dagues de Boisaille,https://static.ankama.com/dofus-touch/www/img/../../../dofus-touch/www/game/items/52/5010.w40h40.png
Forgeur de Dagues,Leurnettes,https://static.ankama.com/dofus-touch/www/img/../../../dofus-touch/www/game/items/52/5009.w40h40.png
Forgeur de Dagues,Dagues de Croclage,https://static.ankama.com/dofus-touch/www/img/../../../dofus-touch/www/game/items/52/5004.w40h40.png
Forgeur de Dagues,L'Ergot Mina,https://static.ankama.com/dofus-touch/www/img/../../../dofus-touch/www/game/items/52/5014.w40h40.png
Forgeur de Dagues,Queues de Chatons,https://static.ankama.com/dofus-touch/www/img/../../../dofus-touch/www/game/items/52/5020.w40h40.png
Forgeur de Dagues,Dagues du Bandit,https://static.ankama.com/dofus-touch/www/img/../../../dofus-touch/www/game/items/52/5009.w40h40.png
Forgeur de Dagues,Dagues Sylvestres,https://static.ankama.com/dofus-touch/www/img/../../../dofus-touch/www/game/items/52/5006.w40h40.png
Forgeur de Dagues,Dagues Tylo,https://static.ankama.com/dofus-touch/www/img/../../../dofus-touch/www/game/items/52/5012.w40h40.png
Forgeur de Dagues,Bashers,https://static.ankama.com/dofus-touch/www/img/../../../dofus-touch/www/game/items/52/5005.w40h40.png
Forgeur de Dagues,Le Rasoir Infernal,https://static.ankama.com/dofus-touch/www/img/../../../dofus-touch/www/game/items/52/5017.w40h40.png
Forgeur de Dagues,Dagues O'Bert,https://static.ankama.com/dofus-touch/www/img/../../../dofus-touch/www/game/items/52/5001.w40h40.png
Forgeur de Dagues,Dagues Eguisées,https://static.ankama.com/dofus-touch/www/img/../../../dofus-touch/www/game/items/52/5010.w40h40.png
Forgeur de Dagues,Les Lames en Table,https://static.ankama.com/dofus-touch/www/img/../../../dofus-touch/www/game/items/52/5013.w40h40.png
Forgeur de Dagues,Dagues Ancestrales,https://static.ankama.com/dofus-touch/www/img/../../../dofus-touch/www/game/items/52/5008.w40h40.png
Forgeur de Dagues,Couteau à Stek,https://static.ankama.com/dofus-touch/www/img/../../../dofus-touch/www/game/items/52/5013.w40h40.png
Forgeur de Dagues,Epée Cassée du Chevalier Malchanceux,https://static.ankama.com/dofus-touch/www/img/../../../dofus-touch/www/game/items/52/5043.w40h40.png
Forgeur de Dagues,Dagues Cruelles d'Elorie Entuwan,https://static.ankama.com/dofus-touch/www/img/../../../dofus-touch/www/game/items/52/5007.w40h40.png
Forgeur de Dagues,Dagues Eulasse,https://static.ankama.com/dofus-touch/www/img/../../../dofus-touch/www/game/items/52/5010.w40h40.png
Forgeur de Dagues,Dagues Aj'Deh'Là,https://static.ankama.com/dofus-touch/www/img/../../../dofus-touch/www/game/items/52/5019.w40h40.png
Forgeur de Dagues,Dagues Honies,https://static.ankama.com/dofus-touch/www/img/../../../dofus-touch/www/game/items/52/5050.w40h40.png
Forgeur de Dagues,Dagues Eurfolles,https://static.ankama.com/dofus-touch/www/img/../../../dofus-touch/www/game/items/52/5010.w40h40.png
Forgeur de Dagues,Lame de Fon,https://static.ankama.com/dofus-touch/www/img/../../../dofus-touch/www/game/items/52/5014.w40h40.png
Forgeur de Dagues,Dagues Aerdala,https://static.ankama.com/dofus-touch/www/img/../../../dofus-touch/www/game/items/52/5051.w40h40.png
Forgeur de Dagues,Blessdags,https://static.ankama.com/dofus-touch/www/img/../../../dofus-touch/www/game/items/52/5055.w40h40.png
Forgeur de Haches,Hache de Bûcheron,https://static.ankama.com/dofus-touch/www/img/../../../dofus-touch/www/game/items/52/19001.w40h40.png
Forgeur de Haches,Hachette de Bûcheron,https://static.ankama.com/dofus-touch/www/img/../../../dofus-touch/www/game/items/52/19006.w40h40.png
Forgeur de Haches,Hachette Hévlalav,https://static.ankama.com/dofus-touch/www/img/../../../dofus-touch/www/game/items/52/19007.w40h40.png
Forgeur de Haches,Hache Hémal,https://static.ankama.com/dofus-touch/www/img/../../../dofus-touch/www/game/items/52/19018.w40h40.png
Forgeur de Haches,Hache Vôr'Om,https://static.ankama.com/dofus-touch/www/img/../../../dofus-touch/www/game/items/52/19013.w40h40.png
Forgeur de Haches,Hache Térophyle,https://static.ankama.com/dofus-touch/www/img/../../../dofus-touch/www/game/items/52/19014.w40h40.png
Forgeur de Haches,Trancheuse d'If,https://static.ankama.com/dofus-touch/www/img/../../../dofus-touch/www/game/items/52/19004.w40h40.png
Forgeur de Haches,Trancheuse de Noyer,https://static.ankama.com/dofus-touch/www/img/../../../dofus-touch/www/game/items/52/19008.w40h40.png
Forgeur de Haches,Hache Huré,https://static.ankama.com/dofus-touch/www/img/../../../dofus-touch/www/game/items/52/19016.w40h40.png
Forgeur de Haches,Mangeuse d'Erable,https://static.ankama.com/dofus-touch/www/img/../../../dofus-touch/www/game/items/52/19010.w40h40.png
Forgeur de Haches,La Trancheuse de Bambou,https://static.ankama.com/dofus-touch/www/img/../../../dofus-touch/www/game/items/52/19033.w40h40.png
Forgeur de Haches,Agride,https://static.ankama.com/dofus-touch/www/img/../../../dofus-touch/www/game/items/52/19011.w40h40.png
Forgeur de Haches,Francisque à Brêles,https://static.ankama.com/dofus-touch/www/img/../../../dofus-touch/www/game/items/52/19017.w40h40.png
Forgeur de Haches,Fendeuse de Merisier,https://static.ankama.com/dofus-touch/www/img/../../../dofus-touch/www/game/items/52/19007.w40h40.png
Forgeur de Haches,Tueuse de Chênes,https://static.ankama.com/dofus-touch/www/img/../../../dofus-touch/www/game/items/52/19002.w40h40.png
Forgeur de Haches,Hache Heuvante,https://static.ankama.com/dofus-touch/www/img/../../../dofus-touch/www/game/items/52/19015.w40h40.png
Forgeur de Haches,Hache du Shodanwa,https://static.ankama.com/dofus-touch/www/img/../../../dofus-touch/www/game/items/52/19037.w40h40.png
Forgeur de Haches,La Trancheuse d'Arakne,https://static.ankama.com/dofus-touch/www/img/../../../dofus-touch/www/game/items/52/19031.w40h40.png
Forgeur de Haches,Coupeuse de Bombu,https://static.ankama.com/dofus-touch/www/img/../../../dofus-touch/www/game/items/52/19015.w40h40.png
Forgeur de Haches,Elagueuse d'Oliviolet,https://static.ankama.com/dofus-touch/www/img/../../../dofus-touch/www/game/items/52/19014.w40h40.png
Forgeur de Haches,Elagueuse de Charme,https://static.ankama.com/dofus-touch/www/img/../../../dofus-touch/www/game/items/52/19003.w40h40.png
Forgeur de Haches,Hache de Pierre,https://static.ankama.com/dofus-touch/www/img/../../../dofus-touch/www/game/items/52/19002.w40h40.png
Forgeur de Haches,Hache de Brèche,https://static.ankama.com/dofus-touch/www/img/../../../dofus-touch/www/game/items/52/19016.w40h40.png
Forgeur de Haches,Hache du Mulou,https://static.ankama.com/dofus-touch/www/img/../../../dofus-touch/www/game/items/52/19042.w40h40.png
Forgeur de Haches,Hache Darsson,https://static.ankama.com/dofus-touch/www/img/../../../dofus-touch/www/game/items/52/19018.w40h40.png
Forgeur de Marteaux,Marteau de Forgeur de Grattoir,https://static.ankama.com/dofus-touch/www/img/../../../dofus-touch/www/game/items/52/7002.w40h40.png
Forgeur de Marteaux,Marteau de Boisaille,https://static.ankama.com/dofus-touch/www/img/../../../dofus-touch/www/game/items/52/7001.w40h40.png
Forgeur de Marteaux,Marteau Martel,https://static.ankama.com/dofus-touch/www/img/../../../dofus-touch/www/game/items/52/7002.w40h40.png
Forgeur de Marteaux,Marteau du Bricoleur,https://static.ankama.com/dofus-touch/www/img/../../../dofus-touch/www/game/items/52/7002.w40h40.png
Forgeur de Marteaux,Maillet Aclou,https://static.ankama.com/dofus-touch/www/img/../../../dofus-touch/www/game/items/52/7012.w40h40.png
Forgeur de Marteaux,Marteau de Raclage,https://static.ankama.com/dofus-touch/www/img/../../../dofus-touch/www/game/items/52/7002.w40h40.png
Forgeur de Marteaux,Cerberus,https://static.ankama.com/dofus-touch/www/img/../../../dofus-touch/www/game/items/52/7007.w40h40.png
Forgeur de Marteaux,Marteau Pickeur,https://static.ankama.com/dofus-touch/www/img/../../../dofus-touch/www/game/items/52/7012.w40h40.png
Forgeur de Marteaux,Marteau d'Ivoire,https://static.ankama.com/dofus-touch/www/img/../../../dofus-touch/www/game/items/52/7003.w40h40.png
Forgeur de Marteaux,Barabas,https://static.ankama.com/dofus-touch/www/img/../../../dofus-touch/www/game/items/52/7011.w40h40.png
Forgeur de Marteaux,Masse d'Ha,https://static.ankama.com/dofus-touch/www/img/../../../dofus-touch/www/game/items/52/7016.w40h40.png
Forgeur de Marteaux,Le Marteau du Chafer,https://static.ankama.com/dofus-touch/www/img/../../../dofus-touch/www/game/items/52/7009.w40h40.png
Forgeur de Marteaux,Marteau Tau,https://static.ankama.com/dofus-touch/www/img/../../../dofus-touch/www/game/items/52/7003.w40h40.png
Forgeur de Marteaux,Marteau de l'Aurore,https://static.ankama.com/dofus-touch/www/img/../../../dofus-touch/www/game/items/52/7002.w40h40.png
Forgeur de Marteaux,Sargasse,https://static.ankama.com/dofus-touch/www/img/../../../dofus-touch/www/game/items/52/7008.w40h40.png
Forgeur de Marteaux,Marteau R'unique,https://static.ankama.com/dofus-touch/www/img/../../../dofus-touch/www/game/items/52/7018.w40h40.png
Forgeur de Marteaux,Marteau Toh'Lo,https://static.ankama.com/dofus-touch/www/img/../../../dofus-touch/www/game/items/52/7015.w40h40.png
Forgeur de Marteaux,Marteau du Bouftou,https://static.ankama.com/dofus-touch/www/img/../../../dofus-touch/www/game/items/52/7023.w40h40.png
Forgeur de Marteaux,Marteau du Boufcoul,https://static.ankama.com/dofus-touch/www/img/../../../dofus-touch/www/game/items/52/7054.w40h40.png
Forgeur de Marteaux,Marteau du Chafer Draugr,https://static.ankama.com/dofus-touch/www/img/../../../dofus-touch/www/game/items/52/7726.w40h40.png
Forgeur de Marteaux,Masse Tmosfer,https://static.ankama.com/dofus-touch/www/img/../../../dofus-touch/www/game/items/52/7014.w40h40.png
Forgeur de Marteaux,Le Twote en Carton,https://static.ankama.com/dofus-touch/www/img/../../../dofus-touch/www/game/items/52/7006.w40h40.png
Forgeur de Marteaux,Imposant Marteau Outar,https://static.ankama.com/dofus-touch/www/img/../../../dofus-touch/www/game/items/52/7006.w40h40.png
Forgeur de Marteaux,Marteau Outar,https://static.ankama.com/dofus-touch/www/img/../../../dofus-touch/www/game/items/52/7006.w40h40.png
Forgeur de Marteaux,Marteau Tape Doigts,https://static.ankama.com/dofus-touch/www/img/../../../dofus-touch/www/game/items/52/7029.w40h40.png
Forgeur de Pelles,Pelle de Crapouille,https://static.ankama.com/dofus-touch/www/img/../../../dofus-touch/www/game/items/52/8004.w40h40.png
Forgeur de Pelles,Pelle de Boisaille,https://static.ankama.com/dofus-touch/www/img/../../../dofus-touch/www/game/items/52/8001.w40h40.png
Forgeur de Pelles,Pelle des Champs,https://static.ankama.com/dofus-touch/www/img/../../../dofus-touch/www/game/items/52/8017.w40h40.png
Forgeur de Pelles,Pelle de Rapage,https://static.ankama.com/dofus-touch/www/img/../../../dofus-touch/www/game/items/52/8005.w40h40.png
Forgeur de Pelles,Barbe Grise,https://static.ankama.com/dofus-touch/www/img/../../../dofus-touch/www/game/items/52/8011.w40h40.png
Forgeur de Pelles,Pelle du Craqueleur,https://static.ankama.com/dofus-touch/www/img/../../../dofus-touch/www/game/items/52/8007.w40h40.png
Forgeur de Pelles,Pelle Houze,https://static.ankama.com/dofus-touch/www/img/../../../dofus-touch/www/game/items/52/8017.w40h40.png
Forgeur de Pelles,Pelle à Thart',https://static.ankama.com/dofus-touch/www/img/../../../dofus-touch/www/game/items/52/8008.w40h40.png
Forgeur de Pelles,Mauvaise Pioche,https://static.ankama.com/dofus-touch/www/img/../../../dofus-touch/www/game/items/52/21001.w40h40.png
Forgeur de Pelles,Pelle Teuze,https://static.ankama.com/dofus-touch/www/img/../../../dofus-touch/www/game/items/52/8008.w40h40.png
Forgeur de Pelles,Pelle de Koutoulou,https://static.ankama.com/dofus-touch/www/img/../../../dofus-touch/www/game/items/52/8019.w40h40.png
Forgeur de Pelles,Rhizome Doré,https://static.ankama.com/dofus-touch/www/img/../../../dofus-touch/www/game/items/52/8010.w40h40.png
Forgeur de Pelles,Pelle en Mousse,https://static.ankama.com/dofus-touch/www/img/../../../dofus-touch/www/game/items/52/8044.w40h40.png
Forgeur de Pelles,Pelle de Bois Dormant,https://static.ankama.com/dofus-touch/www/img/../../../dofus-touch/www/game/items/52/8020.w40h40.png
Forgeur de Pelles,Pelle Ikan,https://static.ankama.com/dofus-touch/www/img/../../../dofus-touch/www/game/items/52/8008.w40h40.png
Forgeur de Pelles,Cruelle Pelle-Truelle,https://static.ankama.com/dofus-touch/www/img/../../../dofus-touch/www/game/items/52/8015.w40h40.png
Forgeur de Pelles,Pelle Melle,https://static.ankama.com/dofus-touch/www/img/../../../dofus-touch/www/game/items/52/8018.w40h40.png
Forgeur de Pelles,Pelle Musicale,https://static.ankama.com/dofus-touch/www/img/../../../dofus-touch/www/game/items/52/8038.w40h40.png
Forgeur de Pelles,Pelle Doudesque,https://static.ankama.com/dofus-touch/www/img/../../../dofus-touch/www/game/items/52/8027.w40h40.png
Forgeur de Pelles,Pelle Zébuth,https://static.ankama.com/dofus-touch/www/img/../../../dofus-touch/www/game/items/52/8040.w40h40.png
Forgeur de Pelles,Pelle Sécutrice,https://static.ankama.com/dofus-touch/www/img/../../../dofus-touch/www/game/items/52/8004.w40h40.png
Forgeur de Pelles,Pelle Mechba,https://static.ankama.com/dofus-touch/www/img/../../../dofus-touch/www/game/items/52/8019.w40h40.png
Forgeur de Pelles,Pelle Woukuis,https://static.ankama.com/dofus-touch/www/img/../../../dofus-touch/www/game/items/52/8021.w40h40.png
Forgeur de Pelles,Pelle Ripe,https://static.ankama.com/dofus-touch/www/img/../../../dofus-touch/www/game/items/52/8047.w40h40.png
Forgeur de Pelles,Pelle Minstère,https://static.ankama.com/dofus-touch/www/img/../../../dofus-touch/www/game/items/52/8046.w40h40.png
Mineur,Fer,https://static.ankama.com/dofus-touch/www/img/../../../dofus-touch/www/game/items/52/39024.w40h40.png
Mineur,Cuivre,https://static.ankama.com/dofus-touch/www/img/../../../dofus-touch/www/game/items/52/39108.w40h40.png
Mineur,Bronze,https://static.ankama.com/dofus-touch/www/img/../../../dofus-touch/www/game/items/52/39109.w40h40.png
Mineur,Kobalte,https://static.ankama.com/dofus-touch/www/img/../../../dofus-touch/www/game/items/52/39077.w40h40.png
Mineur,Manganèse,https://static.ankama.com/dofus-touch/www/img/../../../dofus-touch/www/game/items/52/39397.w40h40.png
Mineur,Etain,https://static.ankama.com/dofus-touch/www/img/../../../dofus-touch/www/game/items/52/39078.w40h40.png
Mineur,Argent,https://static.ankama.com/dofus-touch/www/img/../../../dofus-touch/www/game/items/52/39028.w40h40.png
Mineur,Bauxite,https://static.ankama.com/dofus-touch/www/img/../../../dofus-touch/www/game/items/52/39076.w40h40.png
Mineur,Silicate,https://static.ankama.com/dofus-touch/www/img/../../../dofus-touch/www/game/items/52/39111.w40h40.png
Mineur,Or,https://static.ankama.com/dofus-touch/www/img/../../../dofus-touch/www/game/items/52/39022.w40h40.png
Mineur,Dolomite,https://static.ankama.com/dofus-touch/www/img/../../../dofus-touch/www/game/items/52/39110.w40h40.png
Mineur,Obsidienne,https://static.ankama.com/dofus-touch/www/img/../../../dofus-touch/www/game/items/52/39112.w40h40.png
Paysan,Blé,https://static.ankama.com/dofus-touch/www/img/../../../dofus-touch/www/game/items/52/34009.w40h40.png
Paysan,Orge,https://static.ankama.com/dofus-touch/www/img/../../../dofus-touch/www/game/items/52/34082.w40h40.png
Paysan,Avoine,https://static.ankama.com/dofus-touch/www/img/../../../dofus-touch/www/game/items/52/34154.w40h40.png
Paysan,Riz,https://static.ankama.com/dofus-touch/www/img/../../../dofus-touch/www/game/items/52/34010.w40h40.png
Paysan,Houblon,https://static.ankama.com/dofus-touch/www/img/../../../dofus-touch/www/game/items/52/34080.w40h40.png
Paysan,Lin,https://static.ankama.com/dofus-touch/www/img/../../../dofus-touch/www/game/items/52/34122.w40h40.png
Paysan,Seigle,https://static.ankama.com/dofus-touch/www/img/../../../dofus-touch/www/game/items/52/34082.w40h40.png
Paysan,Malt,https://static.ankama.com/dofus-touch/www/img/../../../dofus-touch/www/game/items/52/34083.w40h40.png
Paysan,Chanvre,https://static.ankama.com/dofus-touch/www/img/../../../dofus-touch/www/game/items/52/34121.w40h40.png
Paysan,Frostiz,https://static.ankama.com/dofus-touch/www/img/../../../dofus-touch/www/game/items/52/34552.w40h40.png
Pêcheur,Goujon,https://static.ankama.com/dofus-touch/www/img/../../../dofus-touch/www/game/items/52/41294.w40h40.png
Pêcheur,Truite,https://static.ankama.com/dofus-touch/www/img/../../../dofus-touch/www/game/items/52/41394.w40h40.png
Pêcheur,Poisson-Chaton,https://static.ankama.com/dofus-touch/www/img/../../../dofus-touch/www/game/items/52/41277.w40h40.png
Pêcheur,Greu-Vette,https://static.ankama.com/dofus-touch/www/img/../../../dofus-touch/www/game/items/52/41292.w40h40.png
Pêcheur,Crabe Sourimi,https://static.ankama.com/dofus-touch/www/img/../../../dofus-touch/www/game/items/52/41273.w40h40.png
Pêcheur,Poisson Pané,https://static.ankama.com/dofus-touch/www/img/../../../dofus-touch/www/game/items/52/41269.w40h40.png
Pêcheur,Pichon Eud'Compet,https://static.ankama.com/dofus-touch/www/img/../../../dofus-touch/www/game/items/52/41405.w40h40.png
Pêcheur,Brochet,https://static.ankama.com/dofus-touch/www/img/../../../dofus-touch/www/game/items/52/41400.w40h40.png
Pêcheur,Sardine Brillante,https://static.ankama.com/dofus-touch/www/img/../../../dofus-touch/www/game/items/52/41317.w40h40.png
Pêcheur,Sardine Brillante,https://static.ankama.com/dofus-touch/www/img/../../../dofus-touch/www/game/items/52/41317.w40h40.png
Pêcheur,Piraniak,https://static.ankama.com/dofus-touch/www/img/../../../dofus-touch/www/game/items/52/170877.w40h40.png
Poissonnier,Truite flambée ****,https://static.ankama.com/dofus-touch/www/img/../../../dofus-touch/www/game/items/52/49109.w40h40.png
Poissonnier,Perche sautée ***,https://static.ankama.com/dofus-touch/www/img/../../../dofus-touch/www/game/items/52/49094.w40h40.png
Poissonnier,Poisson pané frit **,https://static.ankama.com/dofus-touch/www/img/../../../dofus-touch/www/game/items/52/49071.w40h40.png
Poissonnier,Sardine à l'huile **,https://static.ankama.com/dofus-touch/www/img/../../../dofus-touch/www/game/items/52/49096.w40h40.png
Poissonnier,Sardine à l'huile  ***,https://static.ankama.com/dofus-touch/www/img/../../../dofus-touch/www/game/items/52/49097.w40h40.png
Poissonnier,Sardine à l'huile ****,https://static.ankama.com/dofus-touch/www/img/../../../dofus-touch/www/game/items/52/49095.w40h40.png
Poissonnier,Bar grillé ****,https://static.ankama.com/dofus-touch/www/img/../../../dofus-touch/www/game/items/52/49099.w40h40.png
Poissonnier,Beignet de Greu-vette ****,https://static.ankama.com/dofus-touch/www/img/../../../dofus-touch/www/game/items/52/49100.w40h40.png
Poissonnier,Goujon en tranche ****,https://static.ankama.com/dofus-touch/www/img/../../../dofus-touch/www/game/items/52/49101.w40h40.png
Poissonnier,Aile de Raie ****,https://static.ankama.com/dofus-touch/www/img/../../../dofus-touch/www/game/items/52/49102.w40h40.png
Poissonnier,Truite flambée **,https://static.ankama.com/dofus-touch/www/img/../../../dofus-touch/www/game/items/52/49108.w40h40.png
Poissonnier,Truite flambée ***,https://static.ankama.com/dofus-touch/www/img/../../../dofus-touch/www/game/items/52/49107.w40h40.png
Poissonnier,Perche sautée  ****,https://static.ankama.com/dofus-touch/www/img/../../../dofus-touch/www/game/items/52/49092.w40h40.png
Poissonnier,Brochet farci **,https://static.ankama.com/dofus-touch/www/img/../../../dofus-touch/www/game/items/52/49132.w40h40.png
Poissonnier,Brochet farci ***,https://static.ankama.com/dofus-touch/www/img/../../../dofus-touch/www/game/items/52/49133.w40h40.png
Poissonnier,Brochet farci ****,https://static.ankama.com/dofus-touch/www/img/../../../dofus-touch/www/game/items/52/49134.w40h40.png
Poissonnier,Requin aux épices **,https://static.ankama.com/dofus-touch/www/img/../../../dofus-touch/www/game/items/52/49103.w40h40.png
Poissonnier,Requin aux épices ***,https://static.ankama.com/dofus-touch/www/img/../../../dofus-touch/www/game/items/52/49104.w40h40.png
Poissonnier,Requin aux épices ****,https://static.ankama.com/dofus-touch/www/img/../../../dofus-touch/www/game/items/52/49105.w40h40.png
Poissonnier,Kralamoure grillé ****,https://static.ankama.com/dofus-touch/www/img/../../../dofus-touch/www/game/items/52/49137.w40h40.png
Poissonnier,Plat de Gra-vette,https://static.ankama.com/dofus-touch/www/img/../../../dofus-touch/www/game/items/52/49138.w40h40.png
Poissonnier,Salace de poissons,https://static.ankama.com/dofus-touch/www/img/../../../dofus-touch/www/game/items/52/49140.w40h40.png
Poissonnier,Piraniak vapeur,https://static.ankama.com/dofus-touch/www/img/../../../dofus-touch/www/game/items/52/170897.w40h40.png
Poissonnier,Bar grillé ***,https://static.ankama.com/dofus-touch/www/img/../../../dofus-touch/www/game/items/52/49080.w40h40.png
Poissonnier,Poisson pané frit ***,https://static.ankama.com/dofus-touch/www/img/../../../dofus-touch/www/game/items/52/49072.w40h40.png
Sculpteur d'Arcs,Arc de Boisaille,https://static.ankama.com/dofus-touch/www/img/../../../dofus-touch/www/game/items/52/2001.w40h40.png
Sculpteur d'Arcs,Arc Hade,https://static.ankama.com/dofus-touch/www/img/../../../dofus-touch/www/game/items/52/2001.w40h40.png
Sculpteur d'Arcs,Arc Sifflant,https://static.ankama.com/dofus-touch/www/img/../../../dofus-touch/www/game/items/52/2015.w40h40.png
Sculpteur d'Arcs,Arc Holic,https://static.ankama.com/dofus-touch/www/img/../../../dofus-touch/www/game/items/52/2004.w40h40.png
Sculpteur d'Arcs,Arc Buse,https://static.ankama.com/dofus-touch/www/img/../../../dofus-touch/www/game/items/52/2017.w40h40.png
Sculpteur d'Arcs,Arc Déroutant,https://static.ankama.com/dofus-touch/www/img/../../../dofus-touch/www/game/items/52/2003.w40h40.png
Sculpteur d'Arcs,Arc du Bwork Archer,https://static.ankama.com/dofus-touch/www/img/../../../dofus-touch/www/game/items/52/2004.w40h40.png
Sculpteur d'Arcs,Arc Hancihaile,https://static.ankama.com/dofus-touch/www/img/../../../dofus-touch/www/game/items/52/2016.w40h40.png
Sculpteur d'Arcs,Arc Ecologique,https://static.ankama.com/dofus-touch/www/img/../../../dofus-touch/www/game/items/52/2020.w40h40.png
Sculpteur d'Arcs,Arc de Triomphe,https://static.ankama.com/dofus-touch/www/img/../../../dofus-touch/www/game/items/52/2011.w40h40.png
Sculpteur d'Arcs,Arc en Racine d'Abraknyde,https://static.ankama.com/dofus-touch/www/img/../../../dofus-touch/www/game/items/52/2001.w40h40.png
Sculpteur d'Arcs,Nomoon,https://static.ankama.com/dofus-touch/www/img/../../../dofus-touch/www/game/items/52/2009.w40h40.png
Sculpteur d'Arcs,Arc de Jeanne,https://static.ankama.com/dofus-touch/www/img/../../../dofus-touch/www/game/items/52/2015.w40h40.png
Sculpteur d'Arcs,Arc du Xueluom,https://static.ankama.com/dofus-touch/www/img/../../../dofus-touch/www/game/items/52/2051.w40h40.png
Sculpteur d'Arcs,La Corde de Yamato,https://static.ankama.com/dofus-touch/www/img/../../../dofus-touch/www/game/items/52/2010.w40h40.png
Sculpteur d'Arcs,Corde d'Ivan Nowé,https://static.ankama.com/dofus-touch/www/img/../../../dofus-touch/www/game/items/52/2001.w40h40.png
Sculpteur d'Arcs,Abrarc,https://static.ankama.com/dofus-touch/www/img/../../../dofus-touch/www/game/items/52/2024.w40h40.png
Sculpteur d'Arcs,Ficelle en Lin,https://static.ankama.com/dofus-touch/www/img/../../../dofus-touch/www/game/items/52/15118.w40h40.png
Sculpteur d'Arcs,Arc Hidsad,https://static.ankama.com/dofus-touch/www/img/../../../dofus-touch/www/game/items/52/2012.w40h40.png
Sculpteur d'Arcs,Arc à Poulie Sciée,https://static.ankama.com/dofus-touch/www/img/../../../dofus-touch/www/game/items/52/2010.w40h40.png
Sculpteur d'Arcs,Arc en Corne de Bouftou,https://static.ankama.com/dofus-touch/www/img/../../../dofus-touch/www/game/items/52/2022.w40h40.png
Sculpteur d'Arcs,Jakchir Arc,https://static.ankama.com/dofus-touch/www/img/../../../dofus-touch/www/game/items/52/2050.w40h40.png
Sculpteur d'Arcs,Arc des Rivages,https://static.ankama.com/dofus-touch/www/img/../../../dofus-touch/www/game/items/52/2038.w40h40.png
Sculpteur d'Arcs,"Arc dit Kéha, nouvelle version",https://static.ankama.com/dofus-touch/www/img/../../../dofus-touch/www/game/items/52/2021.w40h40.png
Sculpteur d'Arcs,L'Arc à Hick,https://static.ankama.com/dofus-touch/www/img/../../../dofus-touch/www/game/items/52/2011.w40h40.png
Sculpteur de Baguettes,Baguette de Boisaille,https://static.ankama.com/dofus-touch/www/img/../../../dofus-touch/www/game/items/52/3008.w40h40.png
Sculpteur de Baguettes,Demi-Baguette,https://static.ankama.com/dofus-touch/www/img/../../../dofus-touch/www/game/items/52/3013.w40h40.png
Sculpteur de Baguettes,Baguette de Glace,https://static.ankama.com/dofus-touch/www/img/../../../dofus-touch/www/game/items/52/3002.w40h40.png
Sculpteur de Baguettes,Baguette Heure,https://static.ankama.com/dofus-touch/www/img/../../../dofus-touch/www/game/items/52/3017.w40h40.png
Sculpteur de Baguettes,Baguette de Liriel,https://static.ankama.com/dofus-touch/www/img/../../../dofus-touch/www/game/items/52/3005.w40h40.png
Sculpteur de Baguettes,Baguette de Feu Follesque,https://static.ankama.com/dofus-touch/www/img/../../../dofus-touch/www/game/items/52/3014.w40h40.png
Sculpteur de Baguettes,Baguette de Sagesse,https://static.ankama.com/dofus-touch/www/img/../../../dofus-touch/www/game/items/52/3004.w40h40.png
Sculpteur de Baguettes,Baguette Rangleuse,https://static.ankama.com/dofus-touch/www/img/../../../dofus-touch/www/game/items/52/3048.w40h40.png
Sculpteur de Baguettes,Baguette d'Intelligence,https://static.ankama.com/dofus-touch/www/img/../../../dofus-touch/www/game/items/52/3001.w40h40.png
Sculpteur de Baguettes,Baguette en Racine d'Abraknyde,https://static.ankama.com/dofus-touch/www/img/../../../dofus-touch/www/game/items/52/3003.w40h40.png
Sculpteur de Baguettes,Daguette,https://static.ankama.com/dofus-touch/www/img/../../../dofus-touch/www/game/items/52/3017.w40h40.png
Sculpteur de Baguettes,Baguette du Tofu,https://static.ankama.com/dofus-touch/www/img/../../../dofus-touch/www/game/items/52/3058.w40h40.png
Sculpteur de Baguettes,Baguette Cetera,https://static.ankama.com/dofus-touch/www/img/../../../dofus-touch/www/game/items/52/3050.w40h40.png
Sculpteur de Baguettes,Baguette Sylvien,https://static.ankama.com/dofus-touch/www/img/../../../dofus-touch/www/game/items/52/3015.w40h40.png
Sculpteur de Baguettes,Baguette à Pans,https://static.ankama.com/dofus-touch/www/img/../../../dofus-touch/www/game/items/52/3020.w40h40.png
Sculpteur de Baguettes,L'Hyldegarde,https://static.ankama.com/dofus-touch/www/img/../../../dofus-touch/www/game/items/52/3008.w40h40.png
Sculpteur de Baguettes,Baguette Ni'Ninnin,https://static.ankama.com/dofus-touch/www/img/../../../dofus-touch/www/game/items/52/3018.w40h40.png
Sculpteur de Baguettes,Baguette Deuh-Pain,https://static.ankama.com/dofus-touch/www/img/../../../dofus-touch/www/game/items/52/3009.w40h40.png
Sculpteur de Baguettes,Baguette des Cieux,https://static.ankama.com/dofus-touch/www/img/../../../dofus-touch/www/game/items/52/3006.w40h40.png
Sculpteur de Baguettes,Baguette d'Eglise,https://static.ankama.com/dofus-touch/www/img/../../../dofus-touch/www/game/items/52/3016.w40h40.png
Sculpteur de Baguettes,Baguette d'Houvette,https://static.ankama.com/dofus-touch/www/img/../../../dofus-touch/www/game/items/52/3019.w40h40.png
Sculpteur de Baguettes,Le Tison Fûté,https://static.ankama.com/dofus-touch/www/img/../../../dofus-touch/www/game/items/52/3008.w40h40.png
Sculpteur de Baguettes,Baguette du Scarabosse Doré,https://static.ankama.com/dofus-touch/www/img/../../../dofus-touch/www/game/items/52/3059.w40h40.png
Sculpteur de Baguettes,Baguette Larvesque,https://static.ankama.com/dofus-touch/www/img/../../../dofus-touch/www/game/items/52/3019.w40h40.png
Sculpteur de Baguettes,Baguette Hylique,https://static.ankama.com/dofus-touch/www/img/../../../dofus-touch/www/game/items/52/3051.w40h40.png
Sculpteur de Bâtons,Bâton Kouyu,https://static.ankama.com/dofus-touch/www/img/../../../dofus-touch/www/game/items/52/4003.w40h40.png
Sculpteur de Bâtons,Bâton de Boisaille,https://static.ankama.com/dofus-touch/www/img/../../../dofus-touch/www/game/items/52/4001.w40h40.png
Sculpteur de Bâtons,Bâton Feuillu,https://static.ankama.com/dofus-touch/www/img/../../../dofus-touch/www/game/items/52/4002.w40h40.png
Sculpteur de Bâtons,Bâton de Bouftier,https://static.ankama.com/dofus-touch/www/img/../../../dofus-touch/www/game/items/52/4009.w40h40.png
Sculpteur de Bâtons,Bâton Spirituel,https://static.ankama.com/dofus-touch/www/img/../../../dofus-touch/www/game/items/52/4008.w40h40.png
Sculpteur de Bâtons,La Canne Hête,https://static.ankama.com/dofus-touch/www/img/../../../dofus-touch/www/game/items/52/4068.w40h40.png
Sculpteur de Bâtons,Bâton de l'Homme Ours,https://static.ankama.com/dofus-touch/www/img/../../../dofus-touch/www/game/items/52/4046.w40h40.png
Sculpteur de Bâtons,La Plantouze des Champs,https://static.ankama.com/dofus-touch/www/img/../../../dofus-touch/www/game/items/52/4045.w40h40.png
Sculpteur de Bâtons,Bâton de fausse magie,https://static.ankama.com/dofus-touch/www/img/../../../dofus-touch/www/game/items/52/4016.w40h40.png
Sculpteur de Bâtons,Bâton Cornu,https://static.ankama.com/dofus-touch/www/img/../../../dofus-touch/www/game/items/52/4001.w40h40.png
Sculpteur de Bâtons,"La Lance à un ""110""",https://static.ankama.com/dofus-touch/www/img/../../../dofus-touch/www/game/items/52/4018.w40h40.png
Sculpteur de Bâtons,Bâton d'Oubli,https://static.ankama.com/dofus-touch/www/img/../../../dofus-touch/www/game/items/52/4011.w40h40.png
Sculpteur de Bâtons,Bâton Carnivore,https://static.ankama.com/dofus-touch/www/img/../../../dofus-touch/www/game/items/52/4024.w40h40.png
Sculpteur de Bâtons,Bâton du Grand Pa Wabbit,https://static.ankama.com/dofus-touch/www/img/../../../dofus-touch/www/game/items/52/4001.w40h40.png
Sculpteur de Bâtons,Bâton du Maître des Tabis,https://static.ankama.com/dofus-touch/www/img/../../../dofus-touch/www/game/items/52/4006.w40h40.png
Sculpteur de Bâtons,Abraknydi Vivitus,https://static.ankama.com/dofus-touch/www/img/../../../dofus-touch/www/game/items/52/4001.w40h40.png
Sculpteur de Bâtons,Bâton Dakn,https://static.ankama.com/dofus-touch/www/img/../../../dofus-touch/www/game/items/52/4019.w40h40.png
Sculpteur de Bâtons,Bâton du Tabi,https://static.ankama.com/dofus-touch/www/img/../../../dofus-touch/www/game/items/52/4006.w40h40.png
Sculpteur de Bâtons,Bâton Tont'Ata,https://static.ankama.com/dofus-touch/www/img/../../../dofus-touch/www/game/items/52/4005.w40h40.png
Sculpteur de Bâtons,"Bâton de Dina, dit 'le Mythe'",https://static.ankama.com/dofus-touch/www/img/../../../dofus-touch/www/game/items/52/4006.w40h40.png
Sculpteur de Bâtons,Kamapêche,https://static.ankama.com/dofus-touch/www/img/../../../dofus-touch/www/game/items/52/20091.w40h40.png
Sculpteur de Bâtons,Bâton Akwadala,https://static.ankama.com/dofus-touch/www/img/../../../dofus-touch/www/game/items/52/4061.w40h40.png
Sculpteur de Bâtons,Bâton en Racine d'Abraknyde,https://static.ankama.com/dofus-touch/www/img/../../../dofus-touch/www/game/items/52/4001.w40h40.png
Sculpteur de Bâtons,Abraton,https://static.ankama.com/dofus-touch/www/img/../../../dofus-touch/www/game/items/52/4023.w40h40.png
Sculpteur de Bâtons,Bâton du Shodanwa,https://static.ankama.com/dofus-touch/www/img/../../../dofus-touch/www/game/items/52/4049.w40h40.png
Tailleur,Cape Brâkmarienne,https://static.ankama.com/dofus-touch/www/img/../../../dofus-touch/www/game/items/52/17020.w40h40.png
Tailleur,Cape Bontarienne,https://static.ankama.com/dofus-touch/www/img/../../../dofus-touch/www/game/items/52/17034.w40h40.png
Tailleur,Le Floude,https://static.ankama.com/dofus-touch/www/img/../../../dofus-touch/www/game/items/52/16169.w40h40.png
Tailleur,La Cape S'loque,https://static.ankama.com/dofus-touch/www/img/../../../dofus-touch/www/game/items/52/17130.w40h40.png
Tailleur,Bandeau Komintot,https://static.ankama.com/dofus-touch/www/img/../../../dofus-touch/www/game/items/52/16022.w40h40.png
Tailleur,Bandeau de Vitalité,https://static.ankama.com/dofus-touch/www/img/../../../dofus-touch/www/game/items/52/16020.w40h40.png
Tailleur,Dofusteuse,https://static.ankama.com/dofus-touch/www/img/../../../dofus-touch/www/game/items/52/17251.w40h40.png
Tailleur,Chapeau de l'Aventurier,https://static.ankama.com/dofus-touch/www/img/../../../dofus-touch/www/game/items/52/16044.w40h40.png
Tailleur,Cape Bleutée,https://static.ankama.com/dofus-touch/www/img/../../../dofus-touch/www/game/items/52/17191.w40h40.png
Tailleur,Cape de l'Aventurier,https://static.ankama.com/dofus-touch/www/img/../../../dofus-touch/www/game/items/52/17048.w40h40.png
Tailleur,Louffeur,https://static.ankama.com/dofus-touch/www/img/../../../dofus-touch/www/game/items/52/16020.w40h40.png
Tailleur,Cape de Rougeur,https://static.ankama.com/dofus-touch/www/img/../../../dofus-touch/www/game/items/52/17190.w40h40.png
Tailleur,Cape Ellinie,https://static.ankama.com/dofus-touch/www/img/../../../dofus-touch/www/game/items/52/17005.w40h40.png
Tailleur,Cape Ulais,https://static.ankama.com/dofus-touch/www/img/../../../dofus-touch/www/game/items/52/17007.w40h40.png
Tailleur,Cape Sulcorpe,https://static.ankama.com/dofus-touch/www/img/../../../dofus-touch/www/game/items/52/17008.w40h40.png
Tailleur,Lisseur,https://static.ankama.com/dofus-touch/www/img/../../../dofus-touch/www/game/items/52/16023.w40h40.png
Tailleur,Sac du Petit Aventurier,https://static.ankama.com/dofus-touch/www/img/../../../dofus-touch/www/game/items/52/81027.w40h40.png
Tailleur,Korko Klako,https://static.ankama.com/dofus-touch/www/img/../../../dofus-touch/www/game/items/52/16016.w40h40.png
Tailleur,Cape Abilité,https://static.ankama.com/dofus-touch/www/img/../../../dofus-touch/www/game/items/52/17181.w40h40.png
Tailleur,Chapeau du Piou Rouge,https://static.ankama.com/dofus-touch/www/img/../../../dofus-touch/www/game/items/52/16137.w40h40.png
Tailleur,Chapeau du Piou Bleu,https://static.ankama.com/dofus-touch/www/img/../../../dofus-touch/www/game/items/52/16138.w40h40.png
Tailleur,Chapeau du Piou Violet,https://static.ankama.com/dofus-touch/www/img/../../../dofus-touch/www/game/items/52/16139.w40h40.png
Tailleur,Chapeau du Piou Vert,https://static.ankama.com/dofus-touch/www/img/../../../dofus-touch/www/game/items/52/16140.w40h40.png
Tailleur,Chapeau du Piou Jaune,https://static.ankama.com/dofus-touch/www/img/../../../dofus-touch/www/game/items/52/16141.w40h40.png
Tailleur,Chapeau du Piou Rose,https://static.ankama.com/dofus-touch/www/img/../../../dofus-touch/www/game/items/52/16142.w40h40.png
